customer_id,customer_segment,product_category,region,order_date,quantity,unit_price,discount_percent,customer_age,is_repeat_customer,total_amount,discount_amount,final_amount
1,Standard,Sports,South,2023-01-01,4,323.13,28.2,43,True,1292.52,364.49,928.03
2,Budget,Home,East,2023-01-02,8,477.23,10.5,39,True,3817.84,400.87,3416.97
3,Budget,Books,North,2023-01-03,6,441.99,7.3,64,True,2651.94,193.59,2458.35
4,Standard,Electronics,North,2023-01-04,4,296.4,19.7,60,False,1185.6,233.56,952.04
5,Premium,Books,West,2023-01-05,4,418.56,6.0,20,True,1674.24,100.45,1573.79
6,Premium,Electronics,Central,2023-01-06,2,324.86,9.5,52,False,649.72,61.72,588.0
7,Premium,Clothing,East,2023-01-07,2,48.49,6.7,29,True,96.98,6.5,90.48
8,Budget,Electronics,Central,2023-01-08,4,372.88,2.1,41,False,1491.52,31.32,1460.2
9,Standard,Sports,West,2023-01-09,5,56.51,24.8,22,True,282.55,70.07,212.48
10,Budget,Home,North,2023-01-10,8,301.1,7.6,37,False,2408.8,183.07,2225.73
11,Premium,Clothing,Central,2023-01-11,6,354.29,14.2,56,True,2125.7400000000002,301.86,1823.88
12,Budget,Electronics,Central,2023-01-12,4,42.6,1.3,56,False,170.4,2.22,168.18
13,Budget,Books,North,2023-01-13,7,123.09,21.0,30,True,861.63,180.94,680.69
14,Standard,Clothing,East,2023-01-14,8,458.68,9.9,58,True,3669.44,363.27,3306.17
15,Premium,Clothing,North,2023-01-15,2,311.99,22.3,62,True,623.98,139.15,484.83
16,Premium,Electronics,Central,2023-01-16,7,130.68,12.4,29,True,914.76,113.43,801.33
17,Standard,Clothing,East,2023-01-17,2,348.43,5.9,30,True,696.86,41.11,655.75
18,Standard,Books,East,2023-01-18,2,302.42,15.4,27,False,604.84,93.15,511.69
19,Standard,Clothing,North,2023-01-19,8,255.77,3.9,50,False,2046.16,79.8,1966.36
20,Standard,Books,Central,2023-01-20,2,488.33,13.2,57,True,976.66,128.92,847.74
21,Standard,Electronics,West,2023-01-21,9,344.89,9.5,33,False,3104.0099999999998,294.88,2809.13
22,Premium,Home,Central,2023-01-22,1,193.97,27.4,62,True,193.97,53.15,140.82
23,Standard,Clothing,South,2023-01-23,9,402.04,1.8,52,True,3618.36,65.13,3553.23
24,Standard,Home,West,2023-01-24,1,443.45,20.8,20,False,443.45,92.24,351.21
25,Standard,Books,East,2023-01-25,2,71.36,5.5,22,False,142.72,7.85,134.87
26,Budget,Clothing,West,2023-01-26,6,108.27,9.6,43,False,649.62,62.36,587.26
27,Premium,Sports,East,2023-01-27,6,115.95,12.5,28,True,695.7,86.96,608.74
28,Standard,Home,East,2023-01-28,1,348.69,27.2,24,False,348.69,94.84,253.85
29,Standard,Clothing,West,2023-01-29,7,305.49,7.3,27,True,2138.4300000000003,156.11,1982.32
30,Premium,Home,East,2023-01-30,8,313.31,2.7,59,True,2506.48,67.67,2438.81
31,Standard,Clothing,East,2023-01-31,2,470.98,9.6,69,True,941.96,90.43,851.53
32,Premium,Electronics,South,2023-02-01,8,390.2,3.1,51,False,3121.6,96.77,3024.83
33,Premium,Home,Central,2023-02-02,9,72.69,3.9,20,False,654.21,25.51,628.7
34,Budget,Sports,Central,2023-02-03,6,180.28,17.2,25,False,1081.68,186.05,895.63
35,Budget,Sports,South,2023-02-04,5,223.34,1.8,48,True,1116.7,20.1,1096.6
36,Budget,Books,West,2023-02-05,9,204.02,0.9,28,True,1836.18,16.53,1819.65
37,Standard,Clothing,North,2023-02-06,9,337.96,21.4,62,True,3041.64,650.91,2390.73
38,Premium,Home,North,2023-02-07,1,447.03,10.8,24,True,447.03,48.28,398.75
39,Standard,Books,North,2023-02-08,3,159.97,3.8,62,True,479.90999999999997,18.24,461.67
40,Standard,Home,South,2023-02-09,9,280.42,7.6,19,False,2523.78,191.81,2331.97
41,Premium,Clothing,South,2023-02-10,2,396.81,19.3,23,True,793.62,153.17,640.45
42,Standard,Sports,East,2023-02-11,4,213.95,8.3,58,True,855.8,71.03,784.77
43,Premium,Electronics,North,2023-02-12,4,92.38,14.8,49,True,369.52,54.69,314.83
44,Budget,Sports,West,2023-02-13,2,242.73,3.7,37,True,485.46,17.96,467.5
45,Standard,Books,West,2023-02-14,3,37.06,17.6,51,True,111.18,19.57,91.61
46,Standard,Electronics,North,2023-02-15,3,471.77,9.5,67,False,1415.31,134.45,1280.86
47,Standard,Books,North,2023-02-16,1,46.66,18.8,33,False,46.66,8.77,37.89
48,Standard,Clothing,North,2023-02-17,6,224.84,24.3,42,False,1349.04,327.82,1021.22
49,Standard,Electronics,South,2023-02-18,8,269.64,18.3,29,True,2157.12,394.75,1762.37
50,Premium,Books,South,2023-02-19,3,492.8,8.9,24,True,1478.4,131.58,1346.82
51,Budget,Clothing,South,2023-02-20,5,91.35,7.7,56,True,456.75,35.17,421.58
52,Budget,Sports,Central,2023-02-21,1,66.07,9.8,34,False,66.07,6.47,59.6
53,Budget,Clothing,West,2023-02-22,7,14.27,4.9,62,False,99.89,4.89,95.0
54,Budget,Home,West,2023-02-23,1,86.23,5.4,28,True,86.23,4.66,81.57
55,Standard,Clothing,East,2023-02-24,9,111.56,23.7,23,True,1004.04,237.96,766.08
56,Budget,Clothing,South,2023-02-25,8,318.98,11.5,40,True,2551.84,293.46,2258.38
57,Premium,Home,Central,2023-02-26,7,117.66,13.1,44,False,823.62,107.89,715.73
58,Premium,Books,Central,2023-02-27,7,20.06,17.8,63,False,140.42,24.99,115.43
59,Premium,Books,West,2023-02-28,5,415.04,17.7,23,True,2075.2000000000003,367.31,1707.89
60,Standard,Clothing,South,2023-03-01,5,189.14,2.0,55,True,945.6999999999999,18.91,926.79
61,Standard,Home,East,2023-03-02,5,183.31,24.9,19,True,916.55,228.22,688.33
62,Standard,Home,South,2023-03-03,1,158.21,5.3,39,True,158.21,8.39,149.82
63,Budget,Sports,North,2023-03-04,8,487.93,21.7,37,True,3903.44,847.05,3056.39
64,Standard,Books,South,2023-03-05,1,93.36,23.2,42,True,93.36,21.66,71.7
65,Standard,Electronics,North,2023-03-06,4,450.14,21.4,32,False,1800.56,385.32,1415.24
66,Standard,Books,North,2023-03-07,9,390.63,17.4,66,False,3515.67,611.73,2903.94
67,Premium,Books,East,2023-03-08,9,47.48,0.4,46,True,427.32,1.71,425.61
68,Budget,Sports,West,2023-03-09,5,493.5,10.8,25,False,2467.5,266.49,2201.01
69,Premium,Electronics,South,2023-03-10,4,142.97,18.1,54,True,571.88,103.51,468.37
70,Budget,Sports,North,2023-03-11,3,58.31,11.6,66,True,174.93,20.29,154.64
71,Budget,Electronics,South,2023-03-12,3,416.36,25.9,69,True,1249.08,323.51,925.57
72,Premium,Clothing,West,2023-03-13,5,356.27,9.3,50,True,1781.35,165.67,1615.68
73,Premium,Electronics,West,2023-03-14,1,312.44,8.8,39,True,312.44,27.49,284.95
74,Budget,Sports,Central,2023-03-15,5,86.43,8.0,67,True,432.15000000000003,34.57,397.58
75,Budget,Books,West,2023-03-16,6,244.46,10.0,64,True,1466.76,146.68,1320.08
76,Budget,Electronics,East,2023-03-17,7,392.47,16.7,22,False,2747.29,458.8,2288.49
77,Budget,Electronics,North,2023-03-18,9,158.78,21.2,56,True,1429.02,302.95,1126.07
78,Premium,Home,Central,2023-03-19,3,162.73,19.9,35,True,488.18999999999994,97.15,391.04
79,Standard,Books,East,2023-03-20,2,11.54,24.2,55,True,23.08,5.59,17.49
80,Premium,Clothing,South,2023-03-21,3,95.38,26.6,54,False,286.14,76.11,210.03
81,Budget,Sports,North,2023-03-22,9,438.95,24.5,47,True,3950.5499999999997,967.88,2982.67
82,Standard,Clothing,West,2023-03-23,7,226.46,0.6,68,False,1585.22,9.51,1575.71
83,Standard,Books,North,2023-03-24,9,492.27,22.1,48,True,4430.43,979.13,3451.3
84,Premium,Electronics,South,2023-03-25,2,203.9,6.3,27,True,407.8,25.69,382.11
85,Standard,Electronics,Central,2023-03-26,5,360.44,4.0,32,True,1802.2,72.09,1730.11
86,Standard,Books,Central,2023-03-27,4,148.14,19.2,59,True,592.56,113.77,478.79
87,Budget,Electronics,Central,2023-03-28,2,188.27,9.6,65,True,376.54,36.15,340.39
88,Standard,Electronics,West,2023-03-29,9,103.46,1.7,61,True,931.14,15.83,915.31
89,Budget,Electronics,East,2023-03-30,9,180.06,4.1,35,True,1620.54,66.44,1554.1
90,Standard,Sports,East,2023-03-31,6,278.15,0.0,40,True,1668.8999999999999,0.0,1668.9
91,Premium,Sports,North,2023-04-01,6,495.97,27.1,50,True,2975.82,806.45,2169.37
92,Budget,Home,West,2023-04-02,8,335.46,0.7,33,False,2683.68,18.79,2664.89
93,Budget,Clothing,Central,2023-04-03,6,107.63,6.3,55,True,645.78,40.68,605.1
94,Standard,Books,Central,2023-04-04,1,32.03,12.5,52,False,32.03,4.0,28.03
95,Budget,Books,South,2023-04-05,4,71.91,10.7,51,False,287.64,30.78,256.86
96,Standard,Books,South,2023-04-06,7,285.65,27.4,45,True,1999.5499999999997,547.88,1451.67
97,Standard,Home,Central,2023-04-07,2,384.93,1.2,19,True,769.86,9.24,760.62
98,Standard,Sports,Central,2023-04-08,9,470.81,15.4,47,True,4237.29,652.54,3584.75
99,Premium,Home,West,2023-04-09,8,17.75,20.4,30,False,142.0,28.97,113.03
100,Premium,Books,East,2023-04-10,8,266.15,28.0,58,False,2129.2,596.18,1533.02
101,Premium,Clothing,South,2023-04-11,7,240.73,18.6,33,False,1685.11,313.43,1371.68
102,Standard,Electronics,East,2023-04-12,4,331.47,24.1,22,False,1325.88,319.54,1006.34
103,Standard,Sports,West,2023-04-13,2,284.19,2.5,45,False,568.38,14.21,554.17
104,Standard,Sports,Central,2023-04-14,3,346.65,11.6,56,True,1039.9499999999998,120.63,919.32
105,Budget,Home,East,2023-04-15,6,332.46,11.2,62,True,1994.7599999999998,223.41,1771.35
106,Standard,Sports,Central,2023-04-16,5,67.34,26.6,37,False,336.70000000000005,89.56,247.14
107,Standard,Books,Central,2023-04-17,8,401.86,4.5,41,True,3214.88,144.67,3070.21
108,Budget,Books,North,2023-04-18,6,70.38,4.6,44,True,422.28,19.42,402.86
109,Standard,Home,East,2023-04-19,6,352.28,9.9,47,False,2113.68,209.25,1904.43
110,Premium,Books,East,2023-04-20,1,213.91,1.6,62,True,213.91,3.42,210.49
111,Standard,Clothing,Central,2023-04-21,4,261.79,5.5,44,False,1047.16,57.59,989.57
112,Premium,Home,West,2023-04-22,5,452.62,29.0,43,False,2263.1,656.3,1606.8
113,Budget,Clothing,North,2023-04-23,3,446.04,12.8,24,True,1338.1200000000001,171.28,1166.84
114,Budget,Electronics,Central,2023-04-24,9,410.75,19.0,59,False,3696.75,702.38,2994.37
115,Standard,Clothing,South,2023-04-25,1,259.97,21.8,64,True,259.97,56.67,203.3
116,Budget,Electronics,South,2023-04-26,6,370.76,11.0,55,True,2224.56,244.7,1979.86
117,Budget,Electronics,North,2023-04-27,6,261.32,4.4,22,True,1567.92,68.99,1498.93
118,Premium,Clothing,West,2023-04-28,5,436.11,6.2,40,True,2180.55,135.19,2045.36
119,Budget,Home,Central,2023-04-29,5,207.36,9.4,45,True,1036.8000000000002,97.46,939.34
120,Standard,Books,East,2023-04-30,5,485.42,19.1,51,True,2427.1,463.58,1963.52
121,Budget,Books,North,2023-05-01,6,466.84,11.9,32,True,2801.04,333.32,2467.72
122,Budget,Electronics,West,2023-05-02,8,373.39,0.2,49,True,2987.12,5.97,2981.15
123,Standard,Electronics,East,2023-05-03,2,146.91,15.7,43,False,293.82,46.13,247.69
124,Premium,Home,South,2023-05-04,6,74.51,27.6,65,False,447.06000000000006,123.39,323.67
125,Standard,Sports,South,2023-05-05,1,428.8,24.4,48,True,428.8,104.63,324.17
126,Standard,Clothing,East,2023-05-06,4,91.0,24.8,36,True,364.0,90.27,273.73
127,Budget,Electronics,North,2023-05-07,3,428.59,23.9,26,True,1285.77,307.3,978.47
128,Budget,Books,South,2023-05-08,9,250.47,9.7,46,True,2254.23,218.66,2035.57
129,Premium,Home,Central,2023-05-09,3,209.21,23.0,68,False,627.63,144.35,483.28
130,Standard,Clothing,East,2023-05-10,6,452.56,4.3,56,False,2715.36,116.76,2598.6
131,Standard,Home,East,2023-05-11,1,305.89,19.7,21,True,305.89,60.26,245.63
132,Standard,Clothing,South,2023-05-12,6,292.54,19.2,20,True,1755.2400000000002,337.01,1418.23
133,Premium,Clothing,North,2023-05-13,4,283.8,0.8,46,True,1135.2,9.08,1126.12
134,Standard,Electronics,Central,2023-05-14,8,191.87,23.6,69,False,1534.96,362.25,1172.71
135,Budget,Home,North,2023-05-15,9,394.97,27.1,28,True,3554.7300000000005,963.33,2591.4
136,Standard,Home,West,2023-05-16,4,133.87,8.0,50,False,535.48,42.84,492.64
137,Standard,Books,West,2023-05-17,6,470.06,24.4,55,False,2820.36,688.17,2132.19
138,Budget,Books,South,2023-05-18,1,448.05,2.5,28,True,448.05,11.2,436.85
139,Standard,Electronics,South,2023-05-19,4,175.37,18.0,44,True,701.48,126.27,575.21
140,Budget,Electronics,South,2023-05-20,7,367.44,14.6,50,False,2572.08,375.52,2196.56
141,Budget,Sports,West,2023-05-21,1,290.88,16.4,38,True,290.88,47.7,243.18
142,Standard,Books,North,2023-05-22,8,175.45,27.8,56,True,1403.6,390.2,1013.4
143,Standard,Clothing,North,2023-05-23,6,494.38,26.1,48,True,2966.2799999999997,774.2,2192.08
144,Standard,Home,South,2023-05-24,5,22.37,23.6,55,False,111.85000000000001,26.4,85.45
145,Standard,Electronics,Central,2023-05-25,9,133.8,8.2,63,False,1204.2,98.74,1105.46
146,Premium,Home,North,2023-05-26,2,264.84,27.4,19,False,529.68,145.13,384.55
147,Standard,Home,West,2023-05-27,5,265.76,2.9,44,False,1328.8,38.54,1290.26
148,Standard,Sports,East,2023-05-28,6,298.58,25.6,53,False,1791.48,458.62,1332.86
149,Premium,Books,East,2023-05-29,7,378.32,9.8,28,False,2648.24,259.53,2388.71
150,Standard,Electronics,East,2023-05-30,5,315.5,1.6,64,True,1577.5,25.24,1552.26
151,Budget,Home,Central,2023-05-31,9,304.14,20.1,35,True,2737.2599999999998,550.19,2187.07
152,Standard,Electronics,South,2023-06-01,1,36.22,6.9,18,False,36.22,2.5,33.72
153,Premium,Clothing,West,2023-06-02,7,194.5,7.3,52,False,1361.5,99.39,1262.11
154,Standard,Sports,Central,2023-06-03,7,123.71,9.2,52,False,865.9699999999999,79.67,786.3
155,Budget,Clothing,West,2023-06-04,4,140.03,1.9,48,True,560.12,10.64,549.48
156,Standard,Electronics,West,2023-06-05,9,281.63,5.3,45,False,2534.67,134.34,2400.33
157,Standard,Electronics,South,2023-06-06,5,107.76,0.2,56,False,538.8000000000001,1.08,537.72
158,Budget,Books,East,2023-06-07,4,154.04,13.4,18,True,616.16,82.57,533.59
159,Standard,Home,South,2023-06-08,7,126.17,2.5,42,True,883.19,22.08,861.11
160,Budget,Home,Central,2023-06-09,4,474.77,20.5,60,True,1899.08,389.31,1509.77
161,Standard,Clothing,Central,2023-06-10,3,472.89,7.1,55,True,1418.67,100.73,1317.94
162,Standard,Sports,Central,2023-06-11,9,308.87,28.3,37,True,2779.83,786.69,1993.14
163,Standard,Home,South,2023-06-12,8,463.02,26.1,20,True,3704.16,966.79,2737.37
164,Standard,Books,West,2023-06-13,1,395.05,8.7,68,True,395.05,34.37,360.68
165,Premium,Clothing,West,2023-06-14,7,299.07,23.5,19,False,2093.49,491.97,1601.52
166,Budget,Clothing,North,2023-06-15,9,13.15,24.1,35,False,118.35000000000001,28.52,89.83
167,Standard,Books,Central,2023-06-16,8,388.53,29.6,61,False,3108.24,920.04,2188.2
168,Premium,Sports,West,2023-06-17,8,354.22,17.9,27,True,2833.76,507.24,2326.52
169,Premium,Books,North,2023-06-18,6,311.47,2.5,22,True,1868.8200000000002,46.72,1822.1
170,Standard,Sports,West,2023-06-19,4,382.61,19.4,26,False,1530.44,296.91,1233.53
171,Standard,Books,Central,2023-06-20,8,261.33,18.7,19,True,2090.64,390.95,1699.69
172,Premium,Books,East,2023-06-21,3,355.0,19.2,51,False,1065.0,204.48,860.52
173,Standard,Electronics,Central,2023-06-22,9,468.23,9.2,55,False,4214.07,387.69,3826.38
174,Standard,Clothing,South,2023-06-23,2,194.14,25.8,48,True,388.28,100.18,288.1
175,Standard,Books,West,2023-06-24,2,356.98,28.8,27,False,713.96,205.62,508.34
176,Premium,Books,West,2023-06-25,7,243.09,6.5,67,True,1701.63,110.61,1591.02
177,Standard,Home,South,2023-06-26,4,340.46,2.6,29,True,1361.84,35.41,1326.43
178,Standard,Clothing,South,2023-06-27,8,383.82,5.8,53,False,3070.56,178.09,2892.47
179,Budget,Home,East,2023-06-28,9,32.27,24.6,38,True,290.43,71.45,218.98
180,Premium,Clothing,West,2023-06-29,7,326.83,20.3,66,False,2287.81,464.43,1823.38
181,Standard,Home,West,2023-06-30,5,121.1,19.1,64,True,605.5,115.65,489.85
182,Premium,Books,East,2023-07-01,8,338.32,12.1,23,True,2706.56,327.49,2379.07
183,Budget,Books,North,2023-07-02,4,239.48,17.3,65,True,957.92,165.72,792.2
184,Budget,Electronics,East,2023-07-03,2,389.04,9.2,66,False,778.08,71.58,706.5
185,Standard,Home,Central,2023-07-04,6,70.47,14.3,20,True,422.82,60.46,362.36
186,Standard,Sports,West,2023-07-05,9,316.9,23.8,27,True,2852.1,678.8,2173.3
187,Budget,Electronics,South,2023-07-06,1,146.45,29.4,22,False,146.45,43.06,103.39
188,Standard,Home,Central,2023-07-07,7,427.96,28.0,63,True,2995.72,838.8,2156.92
189,Standard,Home,West,2023-07-08,9,464.91,28.0,43,False,4184.1900000000005,1171.57,3012.62
190,Standard,Electronics,East,2023-07-09,9,498.24,12.1,38,True,4484.16,542.58,3941.58
191,Premium,Books,Central,2023-07-10,3,400.04,14.1,62,False,1200.1200000000001,169.22,1030.9
192,Budget,Home,West,2023-07-11,5,379.33,21.2,43,False,1896.6499999999999,402.09,1494.56
193,Budget,Books,North,2023-07-12,8,115.6,27.7,55,True,924.8,256.17,668.63
194,Standard,Electronics,North,2023-07-13,8,174.64,4.3,61,True,1397.12,60.08,1337.04
195,Standard,Books,South,2023-07-14,4,238.18,9.1,43,False,952.72,86.7,866.02
196,Standard,Clothing,West,2023-07-15,1,388.96,4.2,25,True,388.96,16.34,372.62
197,Budget,Sports,North,2023-07-16,1,458.33,18.4,22,False,458.33,84.33,374.0
198,Budget,Home,East,2023-07-17,4,102.68,9.2,32,True,410.72,37.79,372.93
199,Budget,Sports,West,2023-07-18,6,461.96,9.8,33,True,2771.7599999999998,271.63,2500.13
200,Budget,Books,East,2023-07-19,8,350.86,2.1,18,True,2806.88,58.94,2747.94
201,Standard,Home,East,2023-07-20,6,309.28,10.5,33,False,1855.6799999999998,194.85,1660.83
202,Premium,Books,North,2023-07-21,9,107.92,25.9,54,True,971.28,251.56,719.72
203,Premium,Clothing,West,2023-07-22,9,37.21,7.0,20,False,334.89,23.44,311.45
204,Budget,Electronics,Central,2023-07-23,2,288.55,20.9,69,False,577.1,120.61,456.49
205,Standard,Home,North,2023-07-24,1,329.24,18.9,64,True,329.24,62.23,267.01
206,Premium,Clothing,North,2023-07-25,2,113.28,25.9,48,True,226.56,58.68,167.88
207,Premium,Clothing,West,2023-07-26,5,282.66,4.0,30,False,1413.3000000000002,56.53,1356.77
208,Standard,Home,West,2023-07-27,4,429.68,29.3,33,True,1718.72,503.58,1215.14
209,Premium,Books,East,2023-07-28,4,419.18,17.5,60,False,1676.72,293.43,1383.29
210,Premium,Clothing,West,2023-07-29,9,464.4,29.9,38,True,4179.599999999999,1249.7,2929.9
211,Standard,Sports,East,2023-07-30,8,189.28,27.3,19,True,1514.24,413.39,1100.85
212,Standard,Clothing,North,2023-07-31,6,165.84,6.6,44,False,995.04,65.67,929.37
213,Standard,Books,South,2023-08-01,1,377.22,1.7,55,True,377.22,6.41,370.81
214,Standard,Books,Central,2023-08-02,2,221.25,7.7,43,True,442.5,34.07,408.43
215,Budget,Sports,North,2023-08-03,6,52.9,15.8,55,True,317.4,50.15,267.25
216,Standard,Clothing,West,2023-08-04,2,148.57,5.1,63,True,297.14,15.15,281.99
217,Standard,Books,Central,2023-08-05,5,215.11,5.0,42,True,1075.5500000000002,53.78,1021.77
218,Budget,Home,South,2023-08-06,5,153.33,13.9,28,False,766.6500000000001,106.56,660.09
219,Standard,Electronics,South,2023-08-07,6,172.78,1.0,25,True,1036.68,10.37,1026.31
220,Budget,Electronics,East,2023-08-08,6,153.95,3.7,25,True,923.6999999999999,34.18,889.52
221,Standard,Electronics,Central,2023-08-09,6,30.33,12.5,50,False,181.98,22.75,159.23
222,Standard,Clothing,East,2023-08-10,2,322.18,1.9,24,True,644.36,12.24,632.12
223,Premium,Sports,North,2023-08-11,3,302.67,11.9,55,True,908.01,108.05,799.96
224,Standard,Books,Central,2023-08-12,6,330.16,14.2,38,False,1980.96,281.3,1699.66
225,Standard,Home,North,2023-08-13,8,104.23,13.5,25,False,833.84,112.57,721.27
226,Standard,Home,East,2023-08-14,1,154.87,26.1,68,True,154.87,40.42,114.45
227,Budget,Clothing,Central,2023-08-15,1,313.61,15.9,38,False,313.61,49.86,263.75
228,Standard,Electronics,East,2023-08-16,2,303.82,14.0,37,True,607.64,85.07,522.57
229,Budget,Clothing,Central,2023-08-17,6,258.1,12.3,25,False,1548.6000000000001,190.48,1358.12
230,Standard,Sports,East,2023-08-18,9,181.7,24.5,63,True,1635.3,400.65,1234.65
231,Budget,Sports,South,2023-08-19,4,457.34,26.9,48,True,1829.36,492.1,1337.26
232,Standard,Books,East,2023-08-20,3,176.49,25.6,67,True,529.47,135.54,393.93
233,Standard,Books,South,2023-08-21,8,233.25,20.2,46,True,1866.0,376.93,1489.07
234,Standard,Sports,East,2023-08-22,9,342.28,4.1,65,True,3080.5199999999995,126.3,2954.22
235,Premium,Sports,Central,2023-08-23,5,276.08,8.3,26,False,1380.3999999999999,114.57,1265.83
236,Budget,Sports,Central,2023-08-24,9,179.97,1.4,32,True,1619.73,22.68,1597.05
237,Standard,Clothing,Central,2023-08-25,2,223.47,27.9,47,True,446.94,124.7,322.24
238,Premium,Sports,West,2023-08-26,3,399.3,19.8,43,True,1197.9,237.18,960.72
239,Standard,Home,North,2023-08-27,7,146.28,22.4,27,True,1023.96,229.37,794.59
240,Premium,Electronics,Central,2023-08-28,7,79.71,9.3,46,False,557.9699999999999,51.89,506.08
241,Budget,Sports,South,2023-08-29,6,163.45,25.4,33,True,980.6999999999999,249.1,731.6
242,Budget,Electronics,Central,2023-08-30,6,426.27,7.8,53,True,2557.62,199.49,2358.13
243,Budget,Clothing,West,2023-08-31,2,53.6,0.0,37,True,107.2,0.0,107.2
244,Standard,Electronics,South,2023-09-01,6,495.93,11.3,62,False,2975.58,336.24,2639.34
245,Premium,Clothing,West,2023-09-02,4,275.09,17.1,54,True,1100.36,188.16,912.2
246,Budget,Home,South,2023-09-03,3,492.57,14.4,39,True,1477.71,212.79,1264.92
247,Standard,Clothing,East,2023-09-04,2,470.11,25.9,24,True,940.22,243.52,696.7
248,Budget,Clothing,North,2023-09-05,1,231.88,3.2,40,True,231.88,7.42,224.46
249,Budget,Books,North,2023-09-06,5,107.26,16.6,58,True,536.3000000000001,89.03,447.27
250,Budget,Sports,West,2023-09-07,2,90.79,15.4,57,False,181.58,27.96,153.62
251,Standard,Sports,North,2023-09-08,2,127.59,8.4,46,False,255.18,21.44,233.74
252,Standard,Home,West,2023-09-09,7,357.96,24.7,33,False,2505.72,618.91,1886.81
253,Budget,Home,West,2023-09-10,8,143.75,22.6,55,True,1150.0,259.9,890.1
254,Standard,Sports,West,2023-09-11,8,177.3,22.0,45,True,1418.4,312.05,1106.35
255,Premium,Books,North,2023-09-12,4,229.9,26.3,65,True,919.6,241.85,677.75
256,Standard,Sports,West,2023-09-13,1,457.48,21.7,55,False,457.48,99.27,358.21
257,Budget,Books,North,2023-09-14,7,102.8,7.0,48,True,719.6,50.37,669.23
258,Standard,Home,West,2023-09-15,1,12.46,21.2,31,False,12.46,2.64,9.82
259,Standard,Electronics,Central,2023-09-16,4,39.45,9.2,50,True,157.8,14.52,143.28
260,Premium,Home,West,2023-09-17,8,453.34,7.3,26,True,3626.72,264.75,3361.97
261,Standard,Home,South,2023-09-18,2,327.28,2.2,44,True,654.56,14.4,640.16
262,Budget,Clothing,West,2023-09-19,6,143.79,22.3,41,True,862.74,192.39,670.35
263,Premium,Clothing,East,2023-09-20,6,96.82,21.3,30,False,580.92,123.74,457.18
264,Standard,Clothing,West,2023-09-21,9,154.19,7.0,43,False,1387.71,97.14,1290.57
265,Budget,Clothing,South,2023-09-22,5,66.25,22.5,46,True,331.25,74.53,256.72
266,Budget,Books,South,2023-09-23,4,471.35,27.5,68,True,1885.4,518.48,1366.92
267,Standard,Sports,North,2023-09-24,5,394.26,3.2,66,False,1971.3,63.08,1908.22
268,Budget,Electronics,Central,2023-09-25,5,236.57,7.0,60,False,1182.85,82.8,1100.05
269,Standard,Home,West,2023-09-26,8,433.83,22.5,45,True,3470.64,780.89,2689.75
270,Standard,Books,North,2023-09-27,8,132.23,8.2,45,True,1057.84,86.74,971.1
271,Budget,Electronics,Central,2023-09-28,2,361.39,18.7,25,True,722.78,135.16,587.62
272,Budget,Books,West,2023-09-29,7,429.5,2.4,40,True,3006.5,72.16,2934.34
273,Budget,Books,East,2023-09-30,8,184.82,13.6,46,True,1478.56,201.08,1277.48
274,Budget,Home,West,2023-10-01,6,381.16,22.2,22,True,2286.96,507.71,1779.25
275,Standard,Sports,South,2023-10-02,5,154.59,20.6,59,True,772.95,159.23,613.72
276,Standard,Clothing,South,2023-10-03,9,156.44,24.5,24,True,1407.96,344.95,1063.01
277,Budget,Sports,East,2023-10-04,3,62.46,26.3,59,True,187.38,49.28,138.1
278,Standard,Home,North,2023-10-05,4,225.63,23.2,53,False,902.52,209.38,693.14
279,Budget,Home,Central,2023-10-06,9,367.56,20.1,58,False,3308.04,664.92,2643.12
280,Budget,Home,West,2023-10-07,6,470.71,1.0,44,True,2824.2599999999998,28.24,2796.02
281,Budget,Electronics,South,2023-10-08,8,305.86,16.0,63,False,2446.88,391.5,2055.38
282,Standard,Sports,North,2023-10-09,7,432.94,1.1,19,False,3030.58,33.34,2997.24
283,Standard,Sports,East,2023-10-10,2,413.02,24.2,42,True,826.04,199.9,626.14
284,Premium,Books,South,2023-10-11,3,94.94,9.6,26,True,284.82,27.34,257.48
285,Standard,Books,East,2023-10-12,1,248.05,16.9,44,False,248.05,41.92,206.13
286,Premium,Books,West,2023-10-13,9,67.29,8.4,18,False,605.61,50.87,554.74
287,Standard,Home,Central,2023-10-14,7,344.26,23.5,40,False,2409.8199999999997,566.31,1843.51
288,Standard,Sports,South,2023-10-15,1,475.45,26.6,27,False,475.45,126.47,348.98
289,Standard,Home,South,2023-10-16,3,77.17,12.0,59,False,231.51,27.78,203.73
290,Standard,Electronics,West,2023-10-17,4,369.6,25.9,69,True,1478.4,382.91,1095.49
291,Premium,Books,North,2023-10-18,4,319.8,8.0,42,True,1279.2,102.34,1176.86
292,Premium,Home,Central,2023-10-19,5,295.97,16.0,20,True,1479.8500000000001,236.78,1243.07
293,Budget,Home,South,2023-10-20,3,201.16,25.8,23,True,603.48,155.7,447.78
294,Standard,Electronics,Central,2023-10-21,3,184.01,9.8,23,False,552.03,54.1,497.93
295,Premium,Clothing,South,2023-10-22,1,32.17,28.6,19,True,32.17,9.2,22.97
296,Standard,Sports,Central,2023-10-23,7,116.78,3.7,35,False,817.46,30.25,787.21
297,Budget,Clothing,East,2023-10-24,1,17.44,0.5,40,True,17.44,0.09,17.35
298,Standard,Books,South,2023-10-25,2,294.89,27.1,19,True,589.78,159.83,429.95
299,Standard,Home,Central,2023-10-26,4,61.87,2.1,29,True,247.48,5.2,242.28
300,Premium,Electronics,North,2023-10-27,4,437.78,29.8,39,True,1751.12,521.83,1229.29
301,Premium,Electronics,East,2023-10-28,5,266.34,28.5,54,False,1331.6999999999998,379.53,952.17
302,Standard,Sports,East,2023-10-29,2,352.85,4.1,37,False,705.7,28.93,676.77
303,Standard,Clothing,North,2023-10-30,4,211.32,16.1,56,False,845.28,136.09,709.19
304,Standard,Sports,Central,2023-10-31,1,284.68,5.5,41,True,284.68,15.66,269.02
305,Budget,Home,West,2023-11-01,2,471.9,12.8,65,True,943.8,120.81,822.99
306,Budget,Sports,North,2023-11-02,1,50.54,1.8,37,True,50.54,0.91,49.63
307,Standard,Electronics,Central,2023-11-03,4,134.43,6.7,18,True,537.72,36.03,501.69
308,Standard,Electronics,North,2023-11-04,4,392.19,10.9,18,False,1568.76,170.99,1397.77
309,Budget,Books,North,2023-11-05,7,58.38,13.2,34,False,408.66,53.94,354.72
310,Standard,Books,South,2023-11-06,9,47.07,29.3,18,False,423.63,124.12,299.51
311,Standard,Home,Central,2023-11-07,9,187.16,24.2,69,True,1684.44,407.63,1276.81
312,Premium,Clothing,West,2023-11-08,5,55.16,22.1,62,False,275.79999999999995,60.95,214.85
313,Premium,Sports,South,2023-11-09,1,296.69,16.1,47,True,296.69,47.77,248.92
314,Budget,Home,North,2023-11-10,1,120.87,25.2,58,False,120.87,30.46,90.41
315,Budget,Books,North,2023-11-11,6,448.89,10.2,64,True,2693.34,274.72,2418.62
316,Standard,Sports,North,2023-11-12,2,393.92,21.3,20,True,787.84,167.81,620.03
317,Standard,Books,Central,2023-11-13,8,352.86,29.8,63,True,2822.88,841.22,1981.66
318,Premium,Sports,Central,2023-11-14,9,312.3,9.4,28,False,2810.7000000000003,264.21,2546.49
319,Premium,Clothing,South,2023-11-15,4,433.1,20.2,41,True,1732.4,349.94,1382.46
320,Standard,Home,West,2023-11-16,5,119.3,25.3,39,True,596.5,150.91,445.59
321,Standard,Sports,South,2023-11-17,8,437.82,27.5,61,False,3502.56,963.2,2539.36
322,Budget,Electronics,East,2023-11-18,3,396.85,21.5,62,True,1190.5500000000002,255.97,934.58
323,Standard,Electronics,North,2023-11-19,5,376.6,8.5,43,True,1883.0,160.06,1722.94
324,Standard,Sports,North,2023-11-20,3,285.02,9.8,30,True,855.06,83.8,771.26
325,Budget,Sports,North,2023-11-21,3,130.66,0.6,18,True,391.98,2.35,389.63
326,Budget,Sports,South,2023-11-22,3,217.54,22.8,41,False,652.62,148.8,503.82
327,Standard,Electronics,South,2023-11-23,7,398.85,1.3,27,False,2791.9500000000003,36.3,2755.65
328,Standard,Electronics,North,2023-11-24,7,25.57,25.9,52,True,178.99,46.36,132.63
329,Standard,Sports,South,2023-11-25,7,393.2,3.6,41,False,2752.4,99.09,2653.31
330,Standard,Books,Central,2023-11-26,8,127.63,5.2,45,True,1021.04,53.09,967.95
331,Standard,Books,Central,2023-11-27,5,80.71,14.3,53,True,403.54999999999995,57.71,345.84
332,Budget,Clothing,South,2023-11-28,5,66.69,22.1,33,True,333.45,73.69,259.76
333,Premium,Home,North,2023-11-29,4,23.35,4.2,57,True,93.4,3.92,89.48
334,Premium,Books,South,2023-11-30,7,266.56,13.2,33,True,1865.92,246.3,1619.62
335,Premium,Electronics,South,2023-12-01,4,116.95,14.5,34,False,467.8,67.83,399.97
336,Premium,Books,South,2023-12-02,2,494.82,6.4,68,False,989.64,63.34,926.3
337,Budget,Clothing,East,2023-12-03,4,291.47,3.5,32,True,1165.88,40.81,1125.07
338,Budget,Clothing,Central,2023-12-04,8,77.56,25.1,33,True,620.48,155.74,464.74
339,Standard,Home,West,2023-12-05,9,347.49,15.1,32,False,3127.41,472.24,2655.17
340,Premium,Books,West,2023-12-06,3,449.89,0.4,51,False,1349.67,5.4,1344.27
341,Standard,Electronics,East,2023-12-07,7,375.14,24.1,28,False,2625.98,632.86,1993.12
342,Standard,Electronics,South,2023-12-08,9,47.46,29.4,18,True,427.14,125.58,301.56
343,Premium,Sports,East,2023-12-09,4,448.98,18.2,32,False,1795.92,326.86,1469.06
344,Standard,Electronics,East,2023-12-10,3,399.03,15.1,43,True,1197.09,180.76,1016.33
345,Standard,Home,North,2023-12-11,5,87.57,26.4,68,True,437.84999999999997,115.59,322.26
346,Standard,Home,Central,2023-12-12,1,35.38,28.6,21,True,35.38,10.12,25.26
347,Standard,Electronics,West,2023-12-13,3,283.08,22.6,60,True,849.24,191.93,657.31
348,Premium,Electronics,South,2023-12-14,8,86.46,13.4,22,True,691.68,92.69,598.99
349,Standard,Sports,West,2023-12-15,8,418.95,17.8,52,True,3351.6,596.58,2755.02
350,Standard,Electronics,West,2023-12-16,4,185.58,21.0,30,True,742.32,155.89,586.43
351,Standard,Sports,Central,2023-12-17,2,457.32,5.8,27,False,914.64,53.05,861.59
352,Budget,Sports,West,2023-12-18,8,287.19,13.4,28,True,2297.52,307.87,1989.65
353,Standard,Electronics,West,2023-12-19,8,99.51,24.9,35,True,796.08,198.22,597.86
354,Premium,Clothing,East,2023-12-20,4,78.4,19.6,51,True,313.6,61.47,252.13
355,Premium,Clothing,Central,2023-12-21,3,292.47,12.3,56,False,877.4100000000001,107.92,769.49
356,Standard,Sports,North,2023-12-22,2,383.32,19.9,58,True,766.64,152.56,614.08
357,Premium,Electronics,South,2023-12-23,9,392.94,3.5,59,True,3536.46,123.78,3412.68
358,Standard,Clothing,West,2023-12-24,1,145.12,12.0,67,True,145.12,17.41,127.71
359,Budget,Electronics,South,2023-12-25,7,110.08,23.8,40,False,770.56,183.39,587.17
360,Standard,Electronics,North,2023-12-26,5,18.21,6.6,24,False,91.05000000000001,6.01,85.04
361,Standard,Electronics,South,2023-12-27,8,342.81,5.6,56,True,2742.48,153.58,2588.9
362,Standard,Books,North,2023-12-28,4,47.52,28.5,20,True,190.08,54.17,135.91
363,Standard,Electronics,East,2023-12-29,7,216.17,6.3,29,False,1513.1899999999998,95.33,1417.86
364,Standard,Books,West,2023-12-30,5,304.82,7.8,24,True,1524.1,118.88,1405.22
365,Budget,Sports,North,2023-12-31,5,469.18,29.1,66,False,2345.9,682.66,1663.24
366,Standard,Clothing,South,2024-01-01,9,162.78,22.0,43,True,1465.02,322.3,1142.72
367,Budget,Clothing,West,2024-01-02,9,132.39,21.0,50,True,1191.5099999999998,250.22,941.29
368,Budget,Clothing,East,2024-01-03,9,330.54,25.6,54,True,2974.86,761.56,2213.3
369,Premium,Clothing,West,2024-01-04,6,313.43,3.5,65,True,1880.58,65.82,1814.76
370,Premium,Clothing,North,2024-01-05,6,172.73,21.2,32,False,1036.3799999999999,219.71,816.67
371,Premium,Clothing,East,2024-01-06,5,464.77,15.1,19,False,2323.85,350.9,1972.95
372,Premium,Clothing,South,2024-01-07,9,423.98,24.9,58,True,3815.82,950.14,2865.68
373,Premium,Sports,East,2024-01-08,8,119.75,15.2,24,False,958.0,145.62,812.38
374,Standard,Electronics,East,2024-01-09,7,127.18,18.6,49,True,890.26,165.59,724.67
375,Premium,Home,Central,2024-01-10,7,261.03,14.3,21,True,1827.2099999999998,261.29,1565.92
376,Standard,Books,East,2024-01-11,6,389.05,14.3,37,True,2334.3,333.8,2000.5
377,Budget,Home,East,2024-01-12,5,31.58,23.0,67,False,157.89999999999998,36.32,121.58
378,Premium,Home,West,2024-01-13,4,349.73,18.9,53,False,1398.92,264.4,1134.52
379,Budget,Electronics,South,2024-01-14,3,327.64,19.0,49,False,982.92,186.75,796.17
380,Standard,Electronics,West,2024-01-15,3,123.43,13.5,45,False,370.29,49.99,320.3
381,Premium,Electronics,West,2024-01-16,6,343.86,15.9,30,False,2063.16,328.04,1735.12
382,Standard,Clothing,North,2024-01-17,4,470.69,22.4,18,False,1882.76,421.74,1461.02
383,Standard,Sports,West,2024-01-18,6,32.93,24.8,52,False,197.57999999999998,49.0,148.58
384,Budget,Clothing,Central,2024-01-19,3,166.63,20.9,65,False,499.89,104.48,395.41
385,Budget,Sports,Central,2024-01-20,4,224.71,27.7,47,True,898.84,248.98,649.86
386,Budget,Sports,North,2024-01-21,9,450.64,24.6,53,True,4055.7599999999998,997.72,3058.04
387,Standard,Home,South,2024-01-22,5,481.51,16.9,42,True,2407.55,406.88,2000.67
388,Premium,Home,South,2024-01-23,7,227.62,20.1,33,True,1593.3400000000001,320.26,1273.08
389,Budget,Sports,West,2024-01-24,2,377.51,27.8,36,True,755.02,209.9,545.12
390,Budget,Sports,West,2024-01-25,5,270.51,18.6,18,True,1352.55,251.57,1100.98
391,Budget,Clothing,West,2024-01-26,9,273.51,24.7,22,False,2461.59,608.01,1853.58
392,Standard,Clothing,South,2024-01-27,3,146.27,20.7,68,True,438.81000000000006,90.83,347.98
393,Standard,Home,East,2024-01-28,9,116.31,16.6,39,True,1046.79,173.77,873.02
394,Budget,Electronics,Central,2024-01-29,6,151.12,7.3,41,True,906.72,66.19,840.53
395,Standard,Sports,East,2024-01-30,4,282.6,12.8,60,False,1130.4,144.69,985.71
396,Budget,Clothing,East,2024-01-31,7,24.29,29.0,62,True,170.03,49.31,120.72
397,Budget,Home,South,2024-02-01,8,454.55,19.7,69,True,3636.4,716.37,2920.03
398,Standard,Clothing,East,2024-02-02,6,86.58,16.9,54,False,519.48,87.79,431.69
399,Budget,Sports,North,2024-02-03,5,117.84,28.0,53,False,589.2,164.98,424.22
400,Budget,Sports,West,2024-02-04,6,263.96,17.6,53,True,1583.7599999999998,278.74,1305.02
401,Premium,Books,North,2024-02-05,5,357.96,15.8,21,True,1789.8,282.79,1507.01
402,Budget,Electronics,Central,2024-02-06,8,56.91,22.8,53,True,455.28,103.8,351.48
403,Standard,Books,West,2024-02-07,1,165.67,21.4,69,False,165.67,35.45,130.22
404,Budget,Home,East,2024-02-08,7,484.65,5.8,35,True,3392.5499999999997,196.77,3195.78
405,Standard,Clothing,Central,2024-02-09,2,138.55,14.1,67,True,277.1,39.07,238.03
406,Budget,Home,West,2024-02-10,9,163.39,14.2,33,True,1470.5099999999998,208.81,1261.7
407,Standard,Sports,East,2024-02-11,1,419.88,11.3,58,True,419.88,47.45,372.43
408,Premium,Books,North,2024-02-12,6,34.61,15.5,35,False,207.66,32.19,175.47
409,Budget,Books,West,2024-02-13,9,237.66,12.4,39,True,2138.94,265.23,1873.71
410,Premium,Books,East,2024-02-14,1,196.01,6.0,19,True,196.01,11.76,184.25
411,Standard,Home,North,2024-02-15,4,165.13,12.4,38,True,660.52,81.9,578.62
412,Budget,Sports,Central,2024-02-16,4,149.99,2.2,53,True,599.96,13.2,586.76
413,Budget,Clothing,Central,2024-02-17,9,54.77,17.3,61,True,492.93,85.28,407.65
414,Standard,Clothing,Central,2024-02-18,5,164.26,25.6,56,False,821.3,210.25,611.05
415,Standard,Home,Central,2024-02-19,5,31.1,21.8,64,False,155.5,33.9,121.6
416,Standard,Books,South,2024-02-20,6,392.67,10.8,56,False,2356.02,254.45,2101.57
417,Standard,Electronics,West,2024-02-21,1,205.13,2.6,46,False,205.13,5.33,199.8
418,Standard,Home,West,2024-02-22,1,227.51,6.1,43,False,227.51,13.88,213.63
419,Standard,Home,South,2024-02-23,9,447.86,16.4,38,True,4030.7400000000002,661.04,3369.7
420,Budget,Sports,East,2024-02-24,3,332.45,6.2,34,False,997.3499999999999,61.84,935.51
421,Budget,Clothing,East,2024-02-25,4,13.95,16.3,33,False,55.8,9.1,46.7
422,Budget,Home,Central,2024-02-26,1,472.16,6.9,48,False,472.16,32.58,439.58
423,Premium,Home,North,2024-02-27,9,126.2,25.5,68,True,1135.8,289.63,846.17
424,Standard,Books,East,2024-02-28,8,62.73,11.9,26,True,501.84,59.72,442.12
425,Premium,Books,North,2024-02-29,2,386.38,7.4,48,False,772.76,57.18,715.58
426,Standard,Electronics,West,2024-03-01,8,255.23,24.4,31,False,2041.84,498.21,1543.63
427,Standard,Sports,North,2024-03-02,7,222.55,10.3,66,False,1557.8500000000001,160.46,1397.39
428,Budget,Electronics,West,2024-03-03,6,132.26,3.3,54,True,793.56,26.19,767.37
429,Standard,Books,South,2024-03-04,1,278.26,17.1,19,True,278.26,47.58,230.68
430,Premium,Clothing,South,2024-03-05,7,144.45,17.4,69,True,1011.1499999999999,175.94,835.21
431,Premium,Books,Central,2024-03-06,7,451.78,21.4,65,False,3162.46,676.77,2485.69
432,Budget,Sports,East,2024-03-07,9,115.45,7.2,63,True,1039.05,74.81,964.24
433,Standard,Books,Central,2024-03-08,1,443.33,13.3,31,True,443.33,58.96,384.37
434,Premium,Sports,West,2024-03-09,2,284.11,8.5,50,False,568.22,48.3,519.92
435,Premium,Sports,Central,2024-03-10,9,415.96,2.4,52,True,3743.64,89.85,3653.79
436,Budget,Sports,North,2024-03-11,9,359.29,26.3,56,False,3233.61,850.44,2383.17
437,Premium,Sports,West,2024-03-12,6,351.38,21.9,64,True,2108.2799999999997,461.71,1646.57
438,Budget,Sports,South,2024-03-13,6,168.93,9.0,68,False,1013.58,91.22,922.36
439,Budget,Clothing,East,2024-03-14,4,124.61,18.0,37,True,498.44,89.72,408.72
440,Premium,Electronics,West,2024-03-15,4,113.33,6.0,19,False,453.32,27.2,426.12
441,Premium,Home,West,2024-03-16,5,430.02,26.7,68,False,2150.1,574.08,1576.02
442,Budget,Electronics,North,2024-03-17,3,412.01,3.4,58,True,1236.03,42.03,1194.0
443,Standard,Sports,East,2024-03-18,1,225.88,0.1,36,True,225.88,0.23,225.65
444,Standard,Clothing,South,2024-03-19,1,74.88,15.1,54,True,74.88,11.31,63.57
445,Budget,Books,West,2024-03-20,7,197.3,17.5,35,False,1381.1000000000001,241.69,1139.41
446,Budget,Clothing,West,2024-03-21,1,313.48,17.4,33,False,313.48,54.55,258.93
447,Budget,Sports,North,2024-03-22,1,232.66,1.6,21,True,232.66,3.72,228.94
448,Budget,Clothing,Central,2024-03-23,3,392.29,9.4,29,False,1176.8700000000001,110.63,1066.24
449,Standard,Clothing,South,2024-03-24,4,498.84,15.0,46,True,1995.36,299.3,1696.06
450,Premium,Sports,East,2024-03-25,4,103.65,6.5,24,False,414.6,26.95,387.65
451,Budget,Clothing,West,2024-03-26,2,235.23,26.2,31,False,470.46,123.26,347.2
452,Standard,Home,West,2024-03-27,1,221.18,2.6,29,True,221.18,5.75,215.43
453,Standard,Home,South,2024-03-28,3,159.2,14.6,52,True,477.59999999999997,69.73,407.87
454,Budget,Clothing,Central,2024-03-29,4,107.07,20.7,22,True,428.28,88.65,339.63
455,Premium,Books,West,2024-03-30,3,42.19,7.9,34,True,126.57,10.0,116.57
456,Standard,Sports,South,2024-03-31,8,444.69,18.7,59,True,3557.52,665.26,2892.26
457,Premium,Home,North,2024-04-01,1,215.73,24.9,49,True,215.73,53.72,162.01
458,Standard,Books,Central,2024-04-02,2,253.48,5.7,27,True,506.96,28.9,478.06
459,Premium,Clothing,East,2024-04-03,7,459.3,27.5,60,True,3215.1,884.15,2330.95
460,Premium,Books,West,2024-04-04,4,390.38,16.6,34,True,1561.52,259.21,1302.31
461,Premium,Electronics,South,2024-04-05,8,73.95,9.0,22,True,591.6,53.24,538.36
462,Standard,Home,North,2024-04-06,3,287.06,12.9,62,True,861.1800000000001,111.09,750.09
463,Budget,Clothing,East,2024-04-07,6,226.7,9.4,59,False,1360.1999999999998,127.86,1232.34
464,Standard,Sports,South,2024-04-08,9,400.63,21.8,26,False,3605.67,786.04,2819.63
465,Budget,Clothing,South,2024-04-09,1,364.87,23.9,66,True,364.87,87.2,277.67
466,Standard,Sports,East,2024-04-10,1,348.3,25.0,50,True,348.3,87.08,261.22
467,Standard,Clothing,North,2024-04-11,8,176.87,29.6,53,False,1414.96,418.83,996.13
468,Budget,Books,North,2024-04-12,3,404.43,23.7,53,False,1213.29,287.55,925.74
469,Standard,Books,Central,2024-04-13,5,35.67,18.0,35,True,178.35000000000002,32.1,146.25
470,Budget,Books,West,2024-04-14,1,88.22,10.2,26,True,88.22,9.0,79.22
471,Premium,Electronics,East,2024-04-15,5,174.46,16.3,46,True,872.3000000000001,142.18,730.12
472,Budget,Sports,East,2024-04-16,6,47.64,1.2,67,True,285.84000000000003,3.43,282.41
473,Premium,Books,East,2024-04-17,8,125.15,22.3,31,True,1001.2,223.27,777.93
474,Budget,Electronics,North,2024-04-18,3,416.77,13.4,42,True,1250.31,167.54,1082.77
475,Standard,Sports,West,2024-04-19,3,474.64,0.6,32,False,1423.92,8.54,1415.38
476,Budget,Clothing,Central,2024-04-20,9,159.26,1.9,23,True,1433.34,27.23,1406.11
477,Premium,Electronics,South,2024-04-21,4,139.61,11.6,59,True,558.44,64.78,493.66
478,Standard,Home,South,2024-04-22,4,147.15,17.5,46,True,588.6,103.0,485.6
479,Budget,Electronics,East,2024-04-23,7,146.08,13.9,32,True,1022.5600000000001,142.14,880.42
480,Standard,Electronics,West,2024-04-24,2,27.61,18.6,46,True,55.22,10.27,44.95
481,Standard,Sports,North,2024-04-25,8,464.19,14.4,21,True,3713.52,534.75,3178.77
482,Standard,Clothing,West,2024-04-26,6,114.71,19.9,35,False,688.26,136.96,551.3
483,Standard,Home,West,2024-04-27,3,215.8,6.6,67,True,647.4000000000001,42.73,604.67
484,Standard,Books,North,2024-04-28,9,14.75,3.4,66,False,132.75,4.51,128.24
485,Standard,Books,East,2024-04-29,5,430.4,17.9,61,False,2152.0,385.21,1766.79
486,Budget,Electronics,West,2024-04-30,8,368.27,14.5,56,True,2946.16,427.19,2518.97
487,Premium,Sports,South,2024-05-01,7,473.91,0.8,33,True,3317.3700000000003,26.54,3290.83
488,Standard,Sports,North,2024-05-02,8,392.99,11.4,28,True,3143.92,358.41,2785.51
489,Budget,Books,Central,2024-05-03,7,163.72,3.2,31,False,1146.04,36.67,1109.37
490,Budget,Home,East,2024-05-04,3,131.46,15.9,20,False,394.38,62.71,331.67
491,Standard,Clothing,North,2024-05-05,2,351.88,11.9,68,False,703.76,83.75,620.01
492,Standard,Home,Central,2024-05-06,7,188.42,18.4,67,True,1318.9399999999998,242.68,1076.26
493,Standard,Clothing,Central,2024-05-07,3,287.45,24.2,59,False,862.3499999999999,208.69,653.66
494,Premium,Books,West,2024-05-08,3,13.07,9.0,55,True,39.21,3.53,35.68
495,Standard,Clothing,West,2024-05-09,2,40.32,28.9,62,True,80.64,23.3,57.34
496,Standard,Sports,West,2024-05-10,4,272.33,16.1,59,True,1089.32,175.38,913.94
497,Standard,Electronics,North,2024-05-11,8,287.38,18.5,35,True,2299.04,425.32,1873.72
498,Premium,Electronics,North,2024-05-12,1,378.21,20.4,37,False,378.21,77.15,301.06
499,Budget,Books,East,2024-05-13,1,74.66,20.0,65,True,74.66,14.93,59.73
500,Budget,Sports,West,2024-05-14,5,261.46,15.3,42,True,1307.3,200.02,1107.28
501,Standard,Home,Central,2024-05-15,5,105.28,12.9,55,True,526.4,67.91,458.49
502,Standard,Sports,South,2024-05-16,1,55.67,1.6,30,False,55.67,0.89,54.78
503,Standard,Electronics,East,2024-05-17,6,211.14,0.7,21,False,1266.84,8.87,1257.97
504,Budget,Electronics,North,2024-05-18,1,90.03,10.7,31,True,90.03,9.63,80.4
505,Standard,Sports,East,2024-05-19,5,118.67,10.0,50,True,593.35,59.34,534.01
506,Premium,Sports,East,2024-05-20,9,165.6,11.6,45,True,1490.3999999999999,172.89,1317.51
507,Budget,Electronics,East,2024-05-21,5,137.1,4.2,69,False,685.5,28.79,656.71
508,Budget,Home,East,2024-05-22,6,52.92,22.1,54,True,317.52,70.17,247.35
509,Budget,Books,South,2024-05-23,8,54.06,25.7,25,True,432.48,111.15,321.33
510,Budget,Books,West,2024-05-24,1,104.69,28.2,61,True,104.69,29.52,75.17
511,Standard,Sports,Central,2024-05-25,2,34.77,14.8,51,True,69.54,10.29,59.25
512,Standard,Books,East,2024-05-26,9,316.96,21.0,61,False,2852.64,599.05,2253.59
513,Budget,Electronics,East,2024-05-27,3,150.79,25.7,22,True,452.37,116.26,336.11
514,Budget,Electronics,East,2024-05-28,6,147.08,12.5,22,True,882.48,110.31,772.17
515,Premium,Sports,West,2024-05-29,5,172.68,9.3,48,True,863.4000000000001,80.3,783.1
516,Premium,Sports,North,2024-05-30,2,334.77,28.1,62,True,669.54,188.14,481.4
517,Standard,Sports,North,2024-05-31,7,436.61,15.5,26,False,3056.27,473.72,2582.55
518,Budget,Home,South,2024-06-01,4,381.95,14.9,59,True,1527.8,227.64,1300.16
519,Budget,Books,North,2024-06-02,1,366.49,5.4,49,False,366.49,19.79,346.7
520,Premium,Sports,East,2024-06-03,4,247.35,3.2,50,False,989.4,31.66,957.74
521,Standard,Clothing,East,2024-06-04,6,349.96,25.3,20,True,2099.7599999999998,531.24,1568.52
522,Standard,Clothing,East,2024-06-05,7,280.85,18.4,47,True,1965.9500000000003,361.73,1604.22
523,Budget,Electronics,South,2024-06-06,7,115.96,9.8,67,True,811.7199999999999,79.55,732.17
524,Budget,Books,East,2024-06-07,7,112.21,5.8,29,False,785.4699999999999,45.56,739.91
525,Budget,Sports,North,2024-06-08,3,155.23,16.7,46,True,465.68999999999994,77.77,387.92
526,Standard,Clothing,West,2024-06-09,6,456.29,17.5,20,True,2737.7400000000002,479.1,2258.64
527,Standard,Books,West,2024-06-10,8,278.23,6.2,43,True,2225.84,138.0,2087.84
528,Standard,Electronics,Central,2024-06-11,4,369.61,25.5,47,False,1478.44,377.0,1101.44
529,Premium,Home,North,2024-06-12,8,179.81,2.5,26,True,1438.48,35.96,1402.52
530,Budget,Books,East,2024-06-13,2,209.78,10.7,43,True,419.56,44.89,374.67
531,Budget,Books,West,2024-06-14,9,71.53,20.4,19,True,643.77,131.33,512.44
532,Budget,Home,North,2024-06-15,9,93.93,8.2,20,True,845.3700000000001,69.32,776.05
533,Budget,Books,West,2024-06-16,8,415.4,24.8,63,False,3323.2,824.15,2499.05
534,Standard,Electronics,East,2024-06-17,1,296.57,22.2,21,True,296.57,65.84,230.73
535,Budget,Electronics,West,2024-06-18,2,175.39,23.7,42,False,350.78,83.13,267.65
536,Budget,Home,Central,2024-06-19,6,403.4,3.6,68,False,2420.3999999999996,87.13,2333.27
537,Budget,Sports,Central,2024-06-20,5,130.79,4.2,30,True,653.9499999999999,27.47,626.48
538,Standard,Clothing,West,2024-06-21,9,488.26,8.6,56,False,4394.34,377.91,4016.43
539,Standard,Sports,North,2024-06-22,5,178.96,15.5,61,True,894.8000000000001,138.69,756.11
540,Premium,Books,North,2024-06-23,2,175.28,22.4,52,True,350.56,78.53,272.03
541,Budget,Clothing,North,2024-06-24,4,162.84,25.1,40,False,651.36,163.49,487.87
542,Standard,Home,West,2024-06-25,9,69.83,21.1,26,True,628.47,132.61,495.86
543,Standard,Home,North,2024-06-26,1,64.46,27.9,19,False,64.46,17.98,46.48
544,Standard,Clothing,East,2024-06-27,1,327.57,22.2,58,True,327.57,72.72,254.85
545,Standard,Electronics,Central,2024-06-28,7,438.81,9.2,61,False,3071.67,282.59,2789.08
546,Standard,Clothing,East,2024-06-29,3,397.36,8.0,48,True,1192.08,95.37,1096.71
547,Premium,Books,North,2024-06-30,2,79.14,20.9,61,True,158.28,33.08,125.2
548,Standard,Electronics,East,2024-07-01,9,277.34,5.8,64,True,2496.06,144.77,2351.29
549,Standard,Home,North,2024-07-02,3,61.74,2.8,19,False,185.22,5.19,180.03
550,Budget,Clothing,West,2024-07-03,2,32.19,16.0,49,False,64.38,10.3,54.08
551,Standard,Sports,East,2024-07-04,8,331.63,24.6,35,True,2653.04,652.65,2000.39
552,Budget,Sports,West,2024-07-05,6,272.22,3.0,30,False,1633.3200000000002,49.0,1584.32
553,Standard,Books,West,2024-07-06,6,50.19,23.8,63,True,301.14,71.67,229.47
554,Standard,Sports,South,2024-07-07,7,27.12,24.3,22,True,189.84,46.13,143.71
555,Budget,Clothing,North,2024-07-08,7,494.98,14.5,59,False,3464.86,502.4,2962.46
556,Standard,Clothing,Central,2024-07-09,6,24.71,1.7,61,False,148.26,2.52,145.74
557,Premium,Sports,North,2024-07-10,4,227.82,5.2,27,False,911.28,47.39,863.89
558,Premium,Clothing,Central,2024-07-11,9,257.26,21.2,60,False,2315.34,490.85,1824.49
559,Budget,Books,North,2024-07-12,6,67.47,21.4,42,True,404.82,86.63,318.19
560,Standard,Electronics,West,2024-07-13,4,92.84,27.0,51,False,371.36,100.27,271.09
561,Budget,Books,East,2024-07-14,3,182.38,17.5,54,True,547.14,95.75,451.39
562,Standard,Books,East,2024-07-15,4,383.22,3.7,47,True,1532.88,56.72,1476.16
563,Premium,Clothing,South,2024-07-16,3,258.47,3.6,24,True,775.4100000000001,27.91,747.5
564,Premium,Electronics,Central,2024-07-17,2,322.57,21.6,23,True,645.14,139.35,505.79
565,Standard,Clothing,Central,2024-07-18,5,492.74,5.5,20,True,2463.7,135.5,2328.2
566,Standard,Home,Central,2024-07-19,2,386.32,9.9,30,True,772.64,76.49,696.15
567,Standard,Clothing,West,2024-07-20,6,222.84,14.6,20,True,1337.04,195.21,1141.83
568,Standard,Clothing,Central,2024-07-21,3,228.76,0.7,43,True,686.28,4.8,681.48
569,Budget,Clothing,East,2024-07-22,6,313.2,7.5,41,True,1879.1999999999998,140.94,1738.26
570,Standard,Electronics,West,2024-07-23,9,336.03,12.2,23,True,3024.2699999999995,368.96,2655.31
571,Standard,Clothing,North,2024-07-24,1,255.35,8.4,60,True,255.35,21.45,233.9
572,Budget,Electronics,Central,2024-07-25,6,325.98,4.1,66,False,1955.88,80.19,1875.69
573,Standard,Sports,Central,2024-07-26,9,21.53,21.8,59,False,193.77,42.24,151.53
574,Standard,Home,North,2024-07-27,4,220.52,24.4,29,False,882.08,215.23,666.85
575,Budget,Electronics,Central,2024-07-28,2,146.68,7.7,66,True,293.36,22.59,270.77
576,Budget,Sports,North,2024-07-29,4,73.3,23.2,53,False,293.2,68.02,225.18
577,Premium,Electronics,West,2024-07-30,1,58.78,11.6,19,True,58.78,6.82,51.96
578,Budget,Electronics,East,2024-07-31,3,305.56,15.2,28,True,916.6800000000001,139.34,777.34
579,Standard,Home,North,2024-08-01,9,266.56,25.7,56,True,2399.04,616.55,1782.49
580,Standard,Books,South,2024-08-02,5,134.26,22.5,51,False,671.3,151.04,520.26
581,Standard,Books,North,2024-08-03,6,240.77,24.2,43,True,1444.6200000000001,349.6,1095.02
582,Budget,Electronics,Central,2024-08-04,3,251.19,4.1,35,True,753.5699999999999,30.9,722.67
583,Standard,Clothing,West,2024-08-05,5,105.55,2.1,38,True,527.75,11.08,516.67
584,Standard,Sports,West,2024-08-06,8,329.53,26.8,53,False,2636.24,706.51,1929.73
585,Standard,Clothing,North,2024-08-07,6,392.65,11.6,57,False,2355.8999999999996,273.28,2082.62
586,Standard,Clothing,East,2024-08-08,4,397.82,8.6,69,True,1591.28,136.85,1454.43
587,Premium,Electronics,South,2024-08-09,2,305.21,21.7,63,True,610.42,132.46,477.96
588,Premium,Electronics,West,2024-08-10,9,260.7,25.1,61,True,2346.2999999999997,588.92,1757.38
589,Premium,Electronics,Central,2024-08-11,1,39.89,25.9,39,False,39.89,10.33,29.56
590,Premium,Electronics,Central,2024-08-12,1,151.04,9.5,47,True,151.04,14.35,136.69
591,Premium,Books,East,2024-08-13,4,55.7,25.6,67,False,222.8,57.04,165.76
592,Standard,Electronics,West,2024-08-14,7,482.27,1.2,60,True,3375.89,40.51,3335.38
593,Premium,Books,North,2024-08-15,1,76.19,1.5,47,False,76.19,1.14,75.05
594,Standard,Books,Central,2024-08-16,9,84.37,18.7,25,True,759.33,141.99,617.34
595,Budget,Electronics,East,2024-08-17,4,445.89,1.9,51,True,1783.56,33.89,1749.67
596,Standard,Home,West,2024-08-18,3,472.52,9.7,64,True,1417.56,137.5,1280.06
597,Standard,Sports,West,2024-08-19,1,385.26,20.2,26,True,385.26,77.82,307.44
598,Premium,Clothing,West,2024-08-20,4,12.65,10.1,68,True,50.6,5.11,45.49
599,Premium,Books,West,2024-08-21,9,10.66,5.4,37,False,95.94,5.18,90.76
600,Premium,Sports,West,2024-08-22,6,195.27,8.4,57,True,1171.6200000000001,98.42,1073.2
601,Premium,Home,Central,2024-08-23,6,80.26,13.7,42,False,481.56000000000006,65.97,415.59
602,Standard,Clothing,East,2024-08-24,1,19.01,14.3,36,False,19.01,2.72,16.29
603,Premium,Clothing,West,2024-08-25,2,237.39,23.5,22,True,474.78,111.57,363.21
604,Premium,Books,South,2024-08-26,6,472.1,22.5,28,False,2832.6000000000004,637.34,2195.26
605,Premium,Electronics,South,2024-08-27,2,168.67,13.7,32,False,337.34,46.22,291.12
606,Standard,Home,East,2024-08-28,3,333.96,25.4,25,True,1001.8799999999999,254.48,747.4
607,Standard,Books,North,2024-08-29,4,329.6,3.4,36,False,1318.4,44.83,1273.57
608,Standard,Home,North,2024-08-30,5,133.03,7.7,40,True,665.15,51.22,613.93
609,Standard,Electronics,North,2024-08-31,9,328.71,24.8,44,True,2958.39,733.68,2224.71
610,Standard,Electronics,South,2024-09-01,4,114.04,11.3,57,False,456.16,51.55,404.61
611,Premium,Books,North,2024-09-02,9,69.78,29.4,49,True,628.02,184.64,443.38
612,Budget,Electronics,Central,2024-09-03,3,353.68,14.0,43,True,1061.04,148.55,912.49
613,Standard,Sports,West,2024-09-04,8,65.59,23.8,44,True,524.72,124.88,399.84
614,Premium,Clothing,South,2024-09-05,1,498.49,12.1,36,False,498.49,60.32,438.17
615,Budget,Books,East,2024-09-06,9,99.89,12.7,67,False,899.01,114.17,784.84
616,Budget,Home,East,2024-09-07,9,301.13,11.5,59,True,2710.17,311.67,2398.5
617,Premium,Sports,West,2024-09-08,2,211.57,21.6,46,False,423.14,91.4,331.74
618,Standard,Books,South,2024-09-09,4,71.93,16.4,56,False,287.72,47.19,240.53
619,Budget,Electronics,North,2024-09-10,8,23.64,28.3,58,True,189.12,53.52,135.6
620,Budget,Electronics,North,2024-09-11,7,315.14,7.5,50,True,2205.98,165.45,2040.53
621,Premium,Electronics,Central,2024-09-12,1,405.31,3.0,36,False,405.31,12.16,393.15
622,Standard,Electronics,Central,2024-09-13,5,422.59,11.8,54,False,2112.95,249.33,1863.62
623,Standard,Home,North,2024-09-14,7,246.53,18.5,36,False,1725.71,319.26,1406.45
624,Standard,Sports,East,2024-09-15,4,390.95,25.8,50,True,1563.8,403.46,1160.34
625,Standard,Clothing,East,2024-09-16,1,339.7,10.4,64,True,339.7,35.33,304.37
626,Standard,Home,Central,2024-09-17,9,364.88,19.6,33,True,3283.92,643.65,2640.27
627,Standard,Home,West,2024-09-18,5,251.37,10.5,40,True,1256.85,131.97,1124.88
628,Budget,Clothing,North,2024-09-19,2,320.37,18.5,24,True,640.74,118.54,522.2
629,Premium,Clothing,Central,2024-09-20,8,404.71,26.5,43,False,3237.68,857.99,2379.69
630,Standard,Electronics,Central,2024-09-21,2,204.96,6.9,49,True,409.92,28.28,381.64
631,Budget,Home,North,2024-09-22,3,404.93,12.1,29,False,1214.79,146.99,1067.8
632,Budget,Books,North,2024-09-23,1,300.09,29.8,25,True,300.09,89.43,210.66
633,Standard,Clothing,East,2024-09-24,2,91.29,26.1,22,True,182.58,47.65,134.93
634,Standard,Clothing,West,2024-09-25,7,22.1,16.9,59,True,154.70000000000002,26.14,128.56
635,Premium,Sports,West,2024-09-26,2,187.75,15.5,45,True,375.5,58.2,317.3
636,Standard,Books,North,2024-09-27,6,277.88,8.5,22,True,1667.28,141.72,1525.56
637,Standard,Books,South,2024-09-28,3,421.51,15.5,66,False,1264.53,196.0,1068.53
638,Standard,Clothing,Central,2024-09-29,4,72.47,25.4,43,False,289.88,73.63,216.25
639,Standard,Electronics,Central,2024-09-30,8,402.1,20.6,22,True,3216.8,662.66,2554.14
640,Standard,Sports,North,2024-10-01,3,432.87,8.7,39,True,1298.6100000000001,112.98,1185.63
641,Premium,Books,South,2024-10-02,6,83.84,6.0,32,False,503.04,30.18,472.86
642,Standard,Clothing,East,2024-10-03,1,427.28,8.0,30,True,427.28,34.18,393.1
643,Standard,Books,North,2024-10-04,7,495.81,5.1,45,True,3470.67,177.0,3293.67
644,Standard,Sports,North,2024-10-05,8,366.15,2.9,50,True,2929.2,84.95,2844.25
645,Premium,Sports,Central,2024-10-06,8,394.54,12.6,60,False,3156.32,397.7,2758.62
646,Budget,Home,North,2024-10-07,3,497.26,3.4,40,True,1491.78,50.72,1441.06
647,Standard,Clothing,North,2024-10-08,1,306.69,5.2,50,True,306.69,15.95,290.74
648,Standard,Sports,North,2024-10-09,9,160.86,16.4,60,False,1447.7400000000002,237.43,1210.31
649,Budget,Home,Central,2024-10-10,6,420.39,4.9,35,True,2522.34,123.59,2398.75
650,Standard,Home,East,2024-10-11,9,311.1,1.9,67,True,2799.9,53.2,2746.7
651,Premium,Books,East,2024-10-12,7,294.79,9.5,47,True,2063.53,196.04,1867.49
652,Standard,Books,North,2024-10-13,1,134.28,6.6,43,False,134.28,8.86,125.42
653,Standard,Home,Central,2024-10-14,1,380.6,15.5,33,True,380.6,58.99,321.61
654,Budget,Books,East,2024-10-15,6,50.02,3.1,30,False,300.12,9.3,290.82
655,Standard,Sports,East,2024-10-16,5,462.9,22.6,56,False,2314.5,523.08,1791.42
656,Premium,Electronics,East,2024-10-17,9,169.65,27.2,50,True,1526.8500000000001,415.3,1111.55
657,Standard,Sports,Central,2024-10-18,2,72.61,22.3,43,False,145.22,32.38,112.84
658,Standard,Home,Central,2024-10-19,8,226.76,16.0,65,True,1814.08,290.25,1523.83
659,Standard,Home,North,2024-10-20,5,30.81,25.8,18,True,154.04999999999998,39.74,114.31
660,Standard,Sports,West,2024-10-21,2,345.47,20.8,66,True,690.94,143.72,547.22
661,Standard,Books,East,2024-10-22,6,452.33,0.3,55,True,2713.98,8.14,2705.84
662,Budget,Books,West,2024-10-23,8,420.26,11.8,19,True,3362.08,396.73,2965.35
663,Standard,Home,Central,2024-10-24,4,72.41,25.5,66,True,289.64,73.86,215.78
664,Standard,Clothing,Central,2024-10-25,2,71.87,10.4,23,True,143.74,14.95,128.79
665,Premium,Books,Central,2024-10-26,5,408.58,1.1,63,False,2042.8999999999999,22.47,2020.43
666,Premium,Sports,West,2024-10-27,2,462.88,22.4,67,True,925.76,207.37,718.39
667,Standard,Books,Central,2024-10-28,2,235.73,24.1,55,False,471.46,113.62,357.84
668,Premium,Sports,North,2024-10-29,6,254.5,4.8,59,True,1527.0,73.3,1453.7
669,Premium,Home,Central,2024-10-30,9,165.95,16.1,41,True,1493.55,240.46,1253.09
670,Standard,Books,South,2024-10-31,4,448.19,5.8,35,True,1792.76,103.98,1688.78
671,Premium,Sports,West,2024-11-01,6,326.0,21.6,44,True,1956.0,422.5,1533.5
672,Budget,Home,South,2024-11-02,7,151.24,8.1,58,True,1058.68,85.75,972.93
673,Premium,Clothing,Central,2024-11-03,6,156.4,9.5,25,False,938.4000000000001,89.15,849.25
674,Standard,Sports,North,2024-11-04,8,446.69,25.3,45,False,3573.52,904.1,2669.42
675,Standard,Clothing,East,2024-11-05,4,16.68,14.3,27,False,66.72,9.54,57.18
676,Budget,Clothing,Central,2024-11-06,1,168.14,20.1,34,True,168.14,33.8,134.34
677,Premium,Electronics,North,2024-11-07,7,281.63,12.1,46,False,1971.4099999999999,238.54,1732.87
678,Standard,Books,West,2024-11-08,3,82.63,8.9,23,True,247.89,22.06,225.83
679,Budget,Sports,South,2024-11-09,6,55.13,18.8,31,True,330.78000000000003,62.19,268.59
680,Budget,Clothing,South,2024-11-10,2,409.49,4.6,39,False,818.98,37.67,781.31
681,Budget,Electronics,South,2024-11-11,9,448.26,11.2,23,False,4034.34,451.85,3582.49
682,Standard,Home,West,2024-11-12,1,413.57,6.3,43,True,413.57,26.05,387.52
683,Premium,Sports,North,2024-11-13,6,450.41,20.9,56,True,2702.46,564.81,2137.65
684,Standard,Clothing,West,2024-11-14,6,281.02,28.3,29,True,1686.12,477.17,1208.95
685,Budget,Books,South,2024-11-15,5,408.01,29.9,52,False,2040.05,609.97,1430.08
686,Standard,Electronics,Central,2024-11-16,5,198.18,13.5,31,True,990.9000000000001,133.77,857.13
687,Standard,Clothing,East,2024-11-17,1,336.47,7.6,39,False,336.47,25.57,310.9
688,Standard,Books,West,2024-11-18,5,494.53,13.3,68,True,2472.6499999999996,328.86,2143.79
689,Budget,Clothing,West,2024-11-19,2,120.61,25.4,40,True,241.22,61.27,179.95
690,Premium,Sports,North,2024-11-20,7,201.05,6.2,65,True,1407.3500000000001,87.26,1320.09
691,Standard,Sports,North,2024-11-21,3,245.22,28.6,24,True,735.66,210.4,525.26
692,Standard,Sports,West,2024-11-22,4,77.63,10.3,57,True,310.52,31.98,278.54
693,Standard,Electronics,South,2024-11-23,3,49.71,29.6,67,False,149.13,44.14,104.99
694,Standard,Sports,East,2024-11-24,3,416.56,25.2,42,False,1249.68,314.92,934.76
695,Premium,Books,North,2024-11-25,4,488.63,24.3,30,False,1954.52,474.95,1479.57
696,Standard,Clothing,South,2024-11-26,5,208.32,9.5,38,False,1041.6,98.95,942.65
697,Standard,Home,Central,2024-11-27,1,52.95,0.3,58,False,52.95,0.16,52.79
698,Standard,Books,North,2024-11-28,4,42.25,11.5,27,True,169.0,19.43,149.57
699,Premium,Books,South,2024-11-29,8,446.75,9.1,26,False,3574.0,325.23,3248.77
700,Standard,Sports,South,2024-11-30,7,237.27,1.1,32,True,1660.89,18.27,1642.62
701,Standard,Electronics,East,2024-12-01,9,166.81,15.2,69,True,1501.29,228.2,1273.09
702,Premium,Clothing,East,2024-12-02,5,243.47,12.1,19,True,1217.35,147.3,1070.05
703,Standard,Electronics,Central,2024-12-03,4,165.97,19.0,42,True,663.88,126.14,537.74
704,Premium,Clothing,South,2024-12-04,8,249.63,18.6,30,True,1997.04,371.45,1625.59
705,Premium,Clothing,South,2024-12-05,9,431.18,3.6,51,False,3880.62,139.7,3740.92
706,Budget,Electronics,East,2024-12-06,7,300.23,29.3,68,True,2101.61,615.77,1485.84
707,Standard,Books,North,2024-12-07,7,350.38,5.6,51,True,2452.66,137.35,2315.31
708,Budget,Clothing,North,2024-12-08,5,188.69,13.4,52,True,943.45,126.42,817.03
709,Standard,Electronics,West,2024-12-09,4,371.87,14.6,55,True,1487.48,217.17,1270.31
710,Standard,Clothing,East,2024-12-10,1,336.64,24.4,20,True,336.64,82.14,254.5
711,Budget,Home,West,2024-12-11,7,68.59,3.0,59,True,480.13,14.4,465.73
712,Standard,Books,East,2024-12-12,1,290.59,12.9,23,True,290.59,37.49,253.1
713,Standard,Sports,Central,2024-12-13,1,135.8,18.9,65,True,135.8,25.67,110.13
714,Standard,Clothing,South,2024-12-14,5,404.01,6.5,66,False,2020.05,131.3,1888.75
715,Standard,Home,Central,2024-12-15,9,218.71,18.8,36,False,1968.39,370.06,1598.33
716,Budget,Sports,East,2024-12-16,6,497.4,27.7,20,True,2984.3999999999996,826.68,2157.72
717,Budget,Sports,South,2024-12-17,3,55.33,29.9,35,True,165.99,49.63,116.36
718,Budget,Clothing,North,2024-12-18,3,392.37,1.0,56,True,1177.1100000000001,11.77,1165.34
719,Premium,Electronics,North,2024-12-19,7,340.11,7.1,26,False,2380.77,169.03,2211.74
720,Budget,Clothing,West,2024-12-20,6,386.07,9.3,69,True,2316.42,215.43,2100.99
721,Budget,Home,East,2024-12-21,9,160.69,12.0,29,True,1446.21,173.55,1272.66
722,Premium,Sports,East,2024-12-22,6,251.11,7.3,22,False,1506.66,109.99,1396.67
723,Premium,Clothing,North,2024-12-23,5,400.29,6.1,20,True,2001.45,122.09,1879.36
724,Budget,Electronics,Central,2024-12-24,7,123.95,28.6,28,True,867.65,248.15,619.5
725,Standard,Clothing,South,2024-12-25,1,120.76,27.6,47,True,120.76,33.33,87.43
726,Budget,Books,Central,2024-12-26,7,280.01,1.4,21,False,1960.07,27.44,1932.63
727,Premium,Electronics,Central,2024-12-27,3,266.55,10.2,22,False,799.6500000000001,81.56,718.09
728,Budget,Home,North,2024-12-28,9,148.31,12.2,18,False,1334.79,162.84,1171.95
729,Standard,Sports,North,2024-12-29,6,156.06,7.2,44,True,936.36,67.42,868.94
730,Premium,Clothing,North,2024-12-30,9,146.14,18.9,45,True,1315.2599999999998,248.58,1066.68
731,Premium,Electronics,West,2024-12-31,5,388.04,19.2,46,False,1940.2,372.52,1567.68
732,Budget,Books,Central,2025-01-01,7,329.43,25.5,35,False,2306.01,588.03,1717.98
733,Standard,Electronics,East,2025-01-02,4,417.88,22.2,29,True,1671.52,371.08,1300.44
734,Standard,Books,South,2025-01-03,7,487.98,16.3,30,False,3415.86,556.79,2859.07
735,Standard,Home,West,2025-01-04,1,242.34,19.6,58,True,242.34,47.5,194.84
736,Budget,Sports,East,2025-01-05,7,42.68,8.2,19,True,298.76,24.5,274.26
737,Standard,Home,Central,2025-01-06,8,33.57,17.8,54,False,268.56,47.8,220.76
738,Budget,Clothing,North,2025-01-07,5,154.88,14.7,62,True,774.4,113.84,660.56
739,Standard,Electronics,Central,2025-01-08,2,466.95,4.0,33,False,933.9,37.36,896.54
740,Standard,Books,South,2025-01-09,5,266.37,7.3,65,True,1331.85,97.23,1234.62
741,Standard,Books,West,2025-01-10,6,143.18,8.8,41,True,859.08,75.6,783.48
742,Standard,Electronics,West,2025-01-11,2,205.59,27.7,52,False,411.18,113.9,297.28
743,Budget,Electronics,South,2025-01-12,6,303.31,6.9,39,False,1819.8600000000001,125.57,1694.29
744,Standard,Clothing,East,2025-01-13,6,329.95,8.7,53,True,1979.6999999999998,172.23,1807.47
745,Standard,Home,East,2025-01-14,1,85.42,11.1,28,True,85.42,9.48,75.94
746,Budget,Books,West,2025-01-15,1,488.75,19.9,63,False,488.75,97.26,391.49
747,Standard,Clothing,West,2025-01-16,3,276.94,3.5,46,True,830.8199999999999,29.08,801.74
748,Standard,Home,North,2025-01-17,3,76.49,28.6,52,False,229.46999999999997,65.63,163.84
749,Budget,Clothing,East,2025-01-18,4,447.88,26.0,65,False,1791.52,465.8,1325.72
750,Standard,Books,South,2025-01-19,2,46.57,17.3,32,True,93.14,16.11,77.03
751,Premium,Electronics,East,2025-01-20,9,454.79,20.2,48,True,4093.11,826.81,3266.3
752,Budget,Electronics,North,2025-01-21,7,498.32,0.5,59,True,3488.24,17.44,3470.8
753,Standard,Home,West,2025-01-22,7,353.21,10.2,58,False,2472.47,252.19,2220.28
754,Standard,Sports,West,2025-01-23,6,387.52,23.9,60,True,2325.12,555.7,1769.42
755,Premium,Home,North,2025-01-24,3,175.28,2.3,33,True,525.84,12.09,513.75
756,Budget,Sports,South,2025-01-25,6,471.37,8.5,27,True,2828.2200000000003,240.4,2587.82
757,Standard,Clothing,West,2025-01-26,8,269.56,17.6,66,True,2156.48,379.54,1776.94
758,Standard,Clothing,Central,2025-01-27,8,368.87,7.7,49,True,2950.96,227.22,2723.74
759,Budget,Books,West,2025-01-28,9,462.81,28.0,68,True,4165.29,1166.28,2999.01
760,Budget,Sports,Central,2025-01-29,1,487.84,3.9,19,False,487.84,19.03,468.81
761,Premium,Books,North,2025-01-30,1,418.27,23.9,41,False,418.27,99.97,318.3
762,Standard,Electronics,North,2025-01-31,3,158.48,15.2,40,False,475.43999999999994,72.27,403.17
763,Standard,Sports,West,2025-02-01,3,483.61,22.5,19,True,1450.83,326.44,1124.39
764,Budget,Home,East,2025-02-02,8,317.78,9.3,55,True,2542.24,236.43,2305.81
765,Premium,Electronics,Central,2025-02-03,1,466.01,15.4,48,False,466.01,71.77,394.24
766,Standard,Electronics,South,2025-02-04,2,341.29,25.7,68,True,682.58,175.42,507.16
767,Budget,Home,West,2025-02-05,2,160.55,14.0,57,False,321.1,44.95,276.15
768,Budget,Electronics,South,2025-02-06,3,191.31,10.8,43,False,573.9300000000001,61.98,511.95
769,Standard,Sports,West,2025-02-07,6,279.73,16.1,46,True,1678.38,270.22,1408.16
770,Budget,Books,East,2025-02-08,1,397.11,21.5,20,False,397.11,85.38,311.73
771,Premium,Electronics,East,2025-02-09,2,165.81,13.3,31,False,331.62,44.11,287.51
772,Budget,Sports,East,2025-02-10,1,294.07,28.2,42,True,294.07,82.93,211.14
773,Premium,Clothing,East,2025-02-11,5,179.36,8.8,65,True,896.8000000000001,78.92,817.88
774,Standard,Sports,North,2025-02-12,7,409.73,14.3,18,True,2868.11,410.14,2457.97
775,Budget,Books,North,2025-02-13,8,238.7,22.7,20,True,1909.6,433.48,1476.12
776,Premium,Sports,Central,2025-02-14,1,47.59,20.7,43,True,47.59,9.85,37.74
777,Standard,Home,South,2025-02-15,7,91.37,25.9,35,True,639.59,165.65,473.94
778,Budget,Books,West,2025-02-16,5,39.94,29.9,26,False,199.7,59.71,139.99
779,Budget,Clothing,West,2025-02-17,1,254.66,12.8,55,True,254.66,32.6,222.06
780,Standard,Home,North,2025-02-18,3,62.11,3.3,40,True,186.32999999999998,6.15,180.18
781,Standard,Sports,West,2025-02-19,7,65.93,0.9,38,False,461.51000000000005,4.15,457.36
782,Standard,Books,North,2025-02-20,1,471.11,21.8,18,True,471.11,102.7,368.41
783,Standard,Clothing,Central,2025-02-21,7,437.6,26.2,38,False,3063.2000000000003,802.56,2260.64
784,Standard,Home,South,2025-02-22,5,231.52,6.6,44,True,1157.6000000000001,76.4,1081.2
785,Premium,Clothing,Central,2025-02-23,1,493.04,4.8,59,True,493.04,23.67,469.37
786,Budget,Sports,East,2025-02-24,1,10.09,1.9,23,True,10.09,0.19,9.9
787,Standard,Clothing,East,2025-02-25,1,310.85,24.7,61,False,310.85,76.78,234.07
788,Standard,Electronics,East,2025-02-26,9,312.05,9.3,53,True,2808.4500000000003,261.19,2547.26
789,Standard,Home,Central,2025-02-27,3,234.15,12.1,45,False,702.45,85.0,617.45
790,Budget,Clothing,West,2025-02-28,5,204.5,15.1,62,True,1022.5,154.4,868.1
791,Premium,Sports,South,2025-03-01,9,233.14,25.2,34,True,2098.2599999999998,528.76,1569.5
792,Standard,Sports,East,2025-03-02,6,213.33,19.5,57,True,1279.98,249.6,1030.38
793,Standard,Clothing,East,2025-03-03,9,367.94,18.5,69,False,3311.46,612.62,2698.84
794,Standard,Sports,East,2025-03-04,8,76.32,5.3,20,False,610.56,32.36,578.2
795,Premium,Books,South,2025-03-05,8,106.84,15.4,29,True,854.72,131.63,723.09
796,Budget,Books,East,2025-03-06,1,98.45,21.5,56,True,98.45,21.17,77.28
797,Budget,Books,South,2025-03-07,9,138.61,29.2,29,True,1247.4900000000002,364.27,883.22
798,Standard,Electronics,East,2025-03-08,6,267.38,6.0,19,True,1604.28,96.26,1508.02
799,Standard,Clothing,Central,2025-03-09,9,64.49,0.3,63,True,580.41,1.74,578.67
800,Budget,Electronics,Central,2025-03-10,3,435.4,2.3,39,False,1306.1999999999998,30.04,1276.16
801,Budget,Sports,South,2025-03-11,3,155.71,11.3,40,False,467.13,52.79,414.34
802,Premium,Electronics,Central,2025-03-12,6,89.64,24.6,47,True,537.84,132.31,405.53
803,Standard,Sports,South,2025-03-13,9,341.05,0.2,22,True,3069.4500000000003,6.14,3063.31
804,Standard,Sports,Central,2025-03-14,7,28.66,13.7,26,False,200.62,27.48,173.14
805,Standard,Home,Central,2025-03-15,3,313.78,9.9,38,False,941.3399999999999,93.19,848.15
806,Budget,Books,South,2025-03-16,3,352.12,1.6,28,True,1056.3600000000001,16.9,1039.46
807,Budget,Sports,West,2025-03-17,2,115.31,13.5,22,True,230.62,31.13,199.49
808,Budget,Home,Central,2025-03-18,9,30.56,7.6,52,True,275.03999999999996,20.9,254.14
809,Standard,Books,East,2025-03-19,3,188.19,10.6,44,True,564.5699999999999,59.84,504.73
810,Premium,Sports,West,2025-03-20,5,58.31,21.2,66,True,291.55,61.81,229.74
811,Budget,Sports,South,2025-03-21,9,67.07,15.6,19,True,603.6299999999999,94.17,509.46
812,Budget,Electronics,West,2025-03-22,8,134.59,3.7,41,False,1076.72,39.84,1036.88
813,Premium,Electronics,North,2025-03-23,2,154.78,28.8,48,True,309.56,89.15,220.41
814,Budget,Books,North,2025-03-24,3,269.69,19.1,50,True,809.0699999999999,154.53,654.54
815,Budget,Sports,Central,2025-03-25,2,342.41,23.0,56,True,684.82,157.51,527.31
816,Standard,Clothing,Central,2025-03-26,8,300.46,2.4,47,False,2403.68,57.69,2345.99
817,Standard,Electronics,East,2025-03-27,6,82.7,1.4,63,False,496.20000000000005,6.95,489.25
818,Standard,Books,West,2025-03-28,6,94.32,0.6,54,True,565.92,3.4,562.52
819,Premium,Sports,North,2025-03-29,9,440.6,5.7,68,True,3965.4,226.03,3739.37
820,Standard,Sports,Central,2025-03-30,8,283.59,12.4,45,False,2268.72,281.32,1987.4
821,Budget,Clothing,West,2025-03-31,4,436.27,28.1,48,True,1745.08,490.37,1254.71
822,Premium,Books,Central,2025-04-01,4,192.06,13.7,28,True,768.24,105.25,662.99
823,Standard,Sports,Central,2025-04-02,9,311.06,8.7,40,True,2799.54,243.56,2555.98
824,Standard,Electronics,North,2025-04-03,1,266.6,16.9,19,True,266.6,45.06,221.54
825,Standard,Clothing,North,2025-04-04,2,166.37,3.4,57,True,332.74,11.31,321.43
826,Budget,Books,Central,2025-04-05,2,240.26,18.3,58,False,480.52,87.94,392.58
827,Standard,Clothing,South,2025-04-06,6,256.22,17.1,44,False,1537.3200000000002,262.88,1274.44
828,Standard,Electronics,Central,2025-04-07,4,108.38,23.8,52,True,433.52,103.18,330.34
829,Budget,Books,Central,2025-04-08,3,164.36,29.6,19,False,493.08000000000004,145.95,347.13
830,Standard,Clothing,East,2025-04-09,3,397.79,7.5,56,True,1193.3700000000001,89.5,1103.87
831,Standard,Home,East,2025-04-10,3,458.74,15.3,54,True,1376.22,210.56,1165.66
832,Standard,Electronics,East,2025-04-11,6,186.3,27.3,38,True,1117.8000000000002,305.16,812.64
833,Premium,Electronics,South,2025-04-12,8,160.42,23.6,22,False,1283.36,302.87,980.49
834,Premium,Electronics,South,2025-04-13,7,105.65,14.6,69,True,739.5500000000001,107.97,631.58
835,Standard,Home,Central,2025-04-14,4,342.46,28.4,62,True,1369.84,389.03,980.81
836,Standard,Home,East,2025-04-15,4,168.32,1.7,38,False,673.28,11.45,661.83
837,Budget,Sports,South,2025-04-16,2,494.0,27.9,46,False,988.0,275.65,712.35
838,Standard,Clothing,North,2025-04-17,1,169.59,1.5,37,False,169.59,2.54,167.05
839,Standard,Sports,Central,2025-04-18,9,203.13,16.4,55,True,1828.17,299.82,1528.35
840,Standard,Clothing,West,2025-04-19,2,305.63,26.7,37,True,611.26,163.21,448.05
841,Premium,Home,Central,2025-04-20,8,402.83,7.9,67,True,3222.64,254.59,2968.05
842,Standard,Home,West,2025-04-21,9,240.06,14.2,42,True,2160.54,306.8,1853.74
843,Premium,Sports,East,2025-04-22,4,217.1,9.7,19,False,868.4,84.23,784.17
844,Budget,Books,West,2025-04-23,8,497.86,28.6,49,True,3982.88,1139.1,2843.78
845,Premium,Sports,East,2025-04-24,9,15.14,24.7,43,True,136.26,33.66,102.6
846,Standard,Clothing,North,2025-04-25,5,448.58,21.3,23,False,2242.9,477.74,1765.16
847,Premium,Sports,West,2025-04-26,7,83.08,17.6,58,True,581.56,102.35,479.21
848,Budget,Electronics,Central,2025-04-27,4,395.1,24.6,20,True,1580.4,388.78,1191.62
849,Standard,Clothing,East,2025-04-28,1,312.79,11.8,50,False,312.79,36.91,275.88
850,Standard,Clothing,Central,2025-04-29,3,177.51,13.4,18,False,532.53,71.36,461.17
851,Premium,Books,South,2025-04-30,5,438.2,21.9,68,False,2191.0,479.83,1711.17
852,Budget,Home,East,2025-05-01,3,16.32,10.7,22,True,48.96,5.24,43.72
853,Standard,Clothing,West,2025-05-02,7,121.08,1.9,30,True,847.56,16.1,831.46
854,Budget,Home,East,2025-05-03,9,287.78,2.2,36,False,2590.0199999999995,56.98,2533.04
855,Standard,Sports,Central,2025-05-04,6,182.26,3.5,29,True,1093.56,38.27,1055.29
856,Premium,Electronics,North,2025-05-05,1,309.08,26.1,65,True,309.08,80.67,228.41
857,Premium,Books,East,2025-05-06,7,21.81,14.2,42,False,152.67,21.68,130.99
858,Standard,Home,West,2025-05-07,3,67.06,21.4,68,True,201.18,43.05,158.13
859,Standard,Clothing,South,2025-05-08,5,72.28,11.8,52,False,361.4,42.65,318.75
860,Premium,Home,North,2025-05-09,4,102.75,7.8,29,True,411.0,32.06,378.94
861,Budget,Clothing,South,2025-05-10,5,235.07,10.4,47,True,1175.35,122.24,1053.11
862,Standard,Home,East,2025-05-11,5,378.54,23.8,22,True,1892.7,450.46,1442.24
863,Standard,Clothing,Central,2025-05-12,6,453.71,18.8,51,False,2722.2599999999998,511.78,2210.48
864,Standard,Sports,Central,2025-05-13,6,419.33,28.1,39,True,2515.98,706.99,1808.99
865,Standard,Clothing,West,2025-05-14,8,106.48,20.4,56,True,851.84,173.78,678.06
866,Standard,Clothing,Central,2025-05-15,8,226.16,17.1,30,False,1809.28,309.39,1499.89
867,Premium,Electronics,North,2025-05-16,9,107.71,18.3,64,False,969.39,177.4,791.99
868,Premium,Clothing,Central,2025-05-17,8,139.59,28.3,20,False,1116.72,316.03,800.69
869,Budget,Electronics,West,2025-05-18,2,256.74,23.6,37,True,513.48,121.18,392.3
870,Budget,Books,East,2025-05-19,1,43.37,0.7,48,True,43.37,0.3,43.07
871,Standard,Electronics,East,2025-05-20,2,116.91,16.0,22,False,233.82,37.41,196.41
872,Standard,Sports,Central,2025-05-21,2,468.34,20.7,41,False,936.68,193.89,742.79
873,Standard,Electronics,South,2025-05-22,3,238.4,22.5,57,True,715.2,160.92,554.28
874,Standard,Books,East,2025-05-23,7,228.24,6.4,50,True,1597.68,102.25,1495.43
875,Premium,Sports,Central,2025-05-24,2,17.14,26.0,25,False,34.28,8.91,25.37
876,Premium,Home,West,2025-05-25,1,131.23,28.7,41,True,131.23,37.66,93.57
877,Budget,Home,Central,2025-05-26,6,434.48,7.1,67,False,2606.88,185.09,2421.79
878,Standard,Electronics,East,2025-05-27,9,90.67,26.5,37,True,816.03,216.25,599.78
879,Premium,Electronics,West,2025-05-28,3,213.41,2.9,33,True,640.23,18.57,621.66
880,Standard,Books,Central,2025-05-29,6,17.02,1.7,67,False,102.12,1.74,100.38
881,Standard,Books,North,2025-05-30,3,244.38,3.9,69,True,733.14,28.59,704.55
882,Standard,Clothing,West,2025-05-31,1,20.3,1.7,29,True,20.3,0.35,19.95
883,Premium,Books,North,2025-06-01,5,411.61,25.4,30,True,2058.05,522.74,1535.31
884,Premium,Clothing,South,2025-06-02,4,414.18,1.8,62,True,1656.72,29.82,1626.9
885,Budget,Sports,West,2025-06-03,7,395.99,8.1,59,False,2771.9300000000003,224.53,2547.4
886,Premium,Electronics,North,2025-06-04,6,148.85,3.1,56,False,893.0999999999999,27.69,865.41
887,Standard,Sports,East,2025-06-05,7,420.25,8.9,42,False,2941.75,261.82,2679.93
888,Standard,Books,East,2025-06-06,5,276.07,2.7,63,True,1380.35,37.27,1343.08
889,Premium,Sports,South,2025-06-07,4,193.17,20.0,49,True,772.68,154.54,618.14
890,Standard,Sports,West,2025-06-08,7,316.41,4.0,41,True,2214.8700000000003,88.59,2126.28
891,Budget,Sports,West,2025-06-09,7,16.05,25.6,65,False,112.35000000000001,28.76,83.59
892,Budget,Books,West,2025-06-10,6,80.05,24.5,64,False,480.29999999999995,117.67,362.63
893,Budget,Sports,South,2025-06-11,8,373.72,0.4,61,False,2989.76,11.96,2977.8
894,Standard,Clothing,West,2025-06-12,4,129.64,26.9,26,True,518.56,139.49,379.07
895,Standard,Books,East,2025-06-13,5,303.02,0.9,57,True,1515.1,13.64,1501.46
896,Standard,Sports,North,2025-06-14,4,198.7,7.2,67,True,794.8,57.23,737.57
897,Standard,Books,East,2025-06-15,1,428.85,1.0,40,True,428.85,4.29,424.56
898,Budget,Home,East,2025-06-16,8,476.68,10.1,67,True,3813.44,385.16,3428.28
899,Premium,Clothing,North,2025-06-17,1,442.95,15.4,30,False,442.95,68.21,374.74
900,Premium,Sports,East,2025-06-18,5,142.6,23.9,49,True,713.0,170.41,542.59
901,Standard,Home,South,2025-06-19,6,105.14,10.1,67,True,630.84,63.71,567.13
902,Premium,Home,North,2025-06-20,6,242.47,21.2,32,True,1454.82,308.42,1146.4
903,Premium,Books,East,2025-06-21,5,13.59,5.6,53,False,67.95,3.81,64.14
904,Standard,Home,Central,2025-06-22,3,22.65,22.5,66,True,67.94999999999999,15.29,52.66
905,Standard,Clothing,East,2025-06-23,5,281.11,7.1,22,False,1405.5500000000002,99.79,1305.76
906,Budget,Clothing,South,2025-06-24,8,265.02,4.3,39,False,2120.16,91.17,2028.99
907,Budget,Electronics,West,2025-06-25,2,497.35,5.6,33,True,994.7,55.7,939.0
908,Standard,Clothing,East,2025-06-26,6,108.9,5.5,58,False,653.4000000000001,35.94,617.46
909,Standard,Home,West,2025-06-27,9,136.47,15.4,27,True,1228.23,189.15,1039.08
910,Standard,Clothing,Central,2025-06-28,8,65.63,25.3,41,True,525.04,132.84,392.2
911,Standard,Books,East,2025-06-29,8,459.6,2.4,35,False,3676.8,88.24,3588.56
912,Standard,Electronics,North,2025-06-30,8,391.13,21.2,66,False,3129.04,663.36,2465.68
913,Standard,Home,West,2025-07-01,7,412.95,19.6,35,True,2890.65,566.57,2324.08
914,Standard,Electronics,Central,2025-07-02,8,452.35,26.2,24,True,3618.8,948.13,2670.67
915,Standard,Home,North,2025-07-03,6,267.2,7.3,21,True,1603.1999999999998,117.03,1486.17
916,Standard,Books,North,2025-07-04,2,231.08,13.5,43,True,462.16,62.39,399.77
917,Standard,Electronics,North,2025-07-05,2,171.89,27.8,22,True,343.78,95.57,248.21
918,Budget,Sports,North,2025-07-06,8,298.72,19.8,33,True,2389.76,473.17,1916.59
919,Budget,Home,East,2025-07-07,1,232.6,11.7,52,True,232.6,27.21,205.39
920,Premium,Sports,East,2025-07-08,6,231.27,3.9,43,False,1387.6200000000001,54.12,1333.5
921,Budget,Electronics,East,2025-07-09,6,469.09,7.9,35,True,2814.54,222.35,2592.19
922,Standard,Sports,Central,2025-07-10,4,492.18,17.4,46,True,1968.72,342.56,1626.16
923,Budget,Sports,Central,2025-07-11,3,400.28,21.5,40,True,1200.84,258.18,942.66
924,Budget,Electronics,Central,2025-07-12,3,380.81,3.7,31,False,1142.43,42.27,1100.16
925,Standard,Books,South,2025-07-13,1,343.47,18.0,32,True,343.47,61.82,281.65
926,Premium,Sports,Central,2025-07-14,3,91.38,16.5,66,True,274.14,45.23,228.91
927,Standard,Sports,East,2025-07-15,4,38.96,15.4,50,True,155.84,24.0,131.84
928,Standard,Books,East,2025-07-16,5,348.46,20.7,42,False,1742.3,360.66,1381.64
929,Standard,Sports,South,2025-07-17,3,367.11,25.1,38,True,1101.33,276.43,824.9
930,Standard,Sports,South,2025-07-18,6,33.02,9.7,34,False,198.12,19.22,178.9
931,Premium,Sports,Central,2025-07-19,5,464.75,26.7,40,False,2323.75,620.44,1703.31
932,Budget,Clothing,West,2025-07-20,3,54.66,4.8,60,False,163.98,7.87,156.11
933,Budget,Books,South,2025-07-21,6,150.09,5.2,34,False,900.54,46.83,853.71
934,Standard,Sports,North,2025-07-22,6,339.47,8.0,31,True,2036.8200000000002,162.95,1873.87
935,Premium,Books,East,2025-07-23,8,93.24,3.6,46,True,745.92,26.85,719.07
936,Standard,Home,North,2025-07-24,2,37.15,6.9,37,False,74.3,5.13,69.17
937,Premium,Home,East,2025-07-25,1,172.26,3.2,47,True,172.26,5.51,166.75
938,Budget,Sports,East,2025-07-26,4,385.33,24.7,36,True,1541.32,380.71,1160.61
939,Premium,Books,South,2025-07-27,7,212.7,4.2,56,False,1488.8999999999999,62.53,1426.37
940,Standard,Books,South,2025-07-28,3,329.96,22.4,30,True,989.8799999999999,221.73,768.15
941,Standard,Books,North,2025-07-29,3,294.01,1.4,35,True,882.03,12.35,869.68
942,Standard,Clothing,East,2025-07-30,5,20.89,28.5,40,True,104.45,29.77,74.68
943,Standard,Home,North,2025-07-31,5,494.38,21.3,63,True,2471.9,526.51,1945.39
944,Budget,Books,West,2025-08-01,3,30.3,0.2,50,False,90.9,0.18,90.72
945,Standard,Books,North,2025-08-02,9,484.22,22.9,56,True,4357.9800000000005,997.98,3360.0
946,Premium,Clothing,Central,2025-08-03,4,279.43,15.4,57,True,1117.72,172.13,945.59
947,Premium,Clothing,North,2025-08-04,3,481.95,23.4,35,True,1445.85,338.33,1107.52
948,Budget,Books,Central,2025-08-05,2,66.23,15.7,26,False,132.46,20.8,111.66
949,Budget,Electronics,Central,2025-08-06,9,250.3,19.2,50,False,2252.7000000000003,432.52,1820.18
950,Standard,Books,Central,2025-08-07,4,93.06,23.6,49,True,372.24,87.85,284.39
951,Standard,Books,West,2025-08-08,3,34.98,12.2,34,False,104.94,12.8,92.14
952,Standard,Clothing,North,2025-08-09,7,312.59,0.1,36,True,2188.1299999999997,2.19,2185.94
953,Premium,Clothing,North,2025-08-10,8,111.81,25.5,44,False,894.48,228.09,666.39
954,Budget,Books,West,2025-08-11,2,297.97,11.4,23,True,595.94,67.94,528.0
955,Standard,Books,East,2025-08-12,7,65.06,14.9,52,False,455.42,67.86,387.56
956,Standard,Books,South,2025-08-13,5,172.67,0.2,54,True,863.3499999999999,1.73,861.62
957,Standard,Clothing,North,2025-08-14,5,393.0,14.8,51,True,1965.0,290.82,1674.18
958,Premium,Books,South,2025-08-15,3,224.16,29.6,37,True,672.48,199.05,473.43
959,Premium,Books,West,2025-08-16,5,317.6,8.3,42,False,1588.0,131.8,1456.2
960,Budget,Sports,East,2025-08-17,2,327.25,11.9,21,True,654.5,77.89,576.61
961,Premium,Electronics,East,2025-08-18,4,423.44,20.6,27,False,1693.76,348.91,1344.85
962,Standard,Home,East,2025-08-19,6,169.21,24.4,27,True,1015.26,247.72,767.54
963,Standard,Electronics,West,2025-08-20,1,346.77,12.5,41,True,346.77,43.35,303.42
964,Standard,Sports,Central,2025-08-21,4,481.19,9.3,38,True,1924.76,179.0,1745.76
965,Standard,Home,Central,2025-08-22,6,367.82,28.1,28,False,2206.92,620.14,1586.78
966,Standard,Books,South,2025-08-23,9,250.04,20.3,44,True,2250.36,456.82,1793.54
967,Budget,Sports,Central,2025-08-24,2,319.05,3.6,33,False,638.1,22.97,615.13
968,Standard,Books,Central,2025-08-25,7,372.44,2.1,43,False,2607.08,54.75,2552.33
969,Standard,Clothing,East,2025-08-26,6,310.02,14.5,47,False,1860.12,269.72,1590.4
970,Standard,Sports,East,2025-08-27,2,18.17,6.6,66,True,36.34,2.4,33.94
971,Standard,Clothing,South,2025-08-28,8,105.44,7.6,33,False,843.52,64.11,779.41
972,Budget,Sports,North,2025-08-29,7,407.13,26.3,24,False,2849.91,749.53,2100.38
973,Budget,Sports,South,2025-08-30,5,143.6,2.7,33,True,718.0,19.39,698.61
974,Standard,Clothing,South,2025-08-31,5,368.47,21.5,52,False,1842.3500000000001,396.11,1446.24
975,Premium,Home,West,2025-09-01,7,192.34,8.1,33,True,1346.38,109.06,1237.32
976,Standard,Electronics,West,2025-09-02,9,265.72,22.8,57,True,2391.4800000000005,545.26,1846.22
977,Standard,Books,South,2025-09-03,9,43.31,21.7,29,True,389.79,84.58,305.21
978,Premium,Sports,South,2025-09-04,9,98.8,0.2,52,True,889.1999999999999,1.78,887.42
979,Standard,Books,South,2025-09-05,6,479.03,15.3,66,True,2874.18,439.75,2434.43
980,Standard,Clothing,Central,2025-09-06,6,446.17,4.2,38,True,2677.02,112.43,2564.59
981,Standard,Books,West,2025-09-07,3,329.61,26.0,67,False,988.83,257.1,731.73
982,Budget,Clothing,South,2025-09-08,1,235.23,26.1,60,True,235.23,61.4,173.83
983,Premium,Books,East,2025-09-09,7,341.12,12.6,53,True,2387.84,300.87,2086.97
984,Premium,Electronics,East,2025-09-10,4,313.12,13.3,65,True,1252.48,166.58,1085.9
985,Budget,Electronics,Central,2025-09-11,1,288.59,9.1,34,True,288.59,26.26,262.33
986,Standard,Electronics,Central,2025-09-12,8,39.0,21.5,49,False,312.0,67.08,244.92
987,Standard,Electronics,North,2025-09-13,6,320.07,10.8,58,True,1920.42,207.41,1713.01
988,Standard,Electronics,North,2025-09-14,6,386.77,8.0,23,False,2320.62,185.65,2134.97
989,Standard,Electronics,North,2025-09-15,2,497.1,13.0,41,True,994.2,129.25,864.95
990,Budget,Clothing,Central,2025-09-16,1,15.43,2.7,44,False,15.43,0.42,15.01
991,Budget,Sports,Central,2025-09-17,2,367.78,22.4,37,True,735.56,164.77,570.79
992,Standard,Books,Central,2025-09-18,4,290.18,0.4,42,True,1160.72,4.64,1156.08
993,Standard,Electronics,East,2025-09-19,2,222.69,19.3,19,False,445.38,85.96,359.42
994,Standard,Clothing,Central,2025-09-20,1,72.51,5.5,26,True,72.51,3.99,68.52
995,Standard,Clothing,East,2025-09-21,7,210.45,7.0,45,False,1473.1499999999999,103.12,1370.03
996,Premium,Clothing,North,2025-09-22,8,183.64,19.1,55,False,1469.12,280.6,1188.52
997,Budget,Sports,North,2025-09-23,6,158.39,29.8,20,True,950.3399999999999,283.2,667.14
998,Premium,Books,North,2025-09-24,4,368.13,23.3,37,True,1472.52,343.1,1129.42
999,Budget,Sports,South,2025-09-25,6,353.36,6.8,23,True,2120.16,144.17,1975.99
1000,Standard,Home,South,2025-09-26,3,298.62,5.3,56,False,895.86,47.48,848.38
